Executing: python /mnt/hd1/home/sishuo/lab-tools/phyloHessian/additional_scripts/run_unrooted_ndch.py -m GTR+G --alignment /mnt/hd1/home/sishuo/lab-tools/phyloHessian/example-dna/sim/alignment/combined.fas --tree /mnt/hd1/home/sishuo/lab-tools/phyloHessian/example-dna/ref.tre --pre /mnt/hd1/home/sishuo/lab-tools/phyloHessian/p4-analysis/p4/p4 --optimizer BOBYQA --comp t1,t9\|t12 --refine
a result -2 BOBYQA
b result -2 BOBYQA
p4_partLogLike()  aTree->root->cl[pNum 0][rate 0][symb 0][seqPos 185]  -2.19469e-75
Try raising var.PIVEC_MIN, var.RATE_MIN, var.BRLEN_MIN, or var.GAMMA_SHAPE_MIN?
p4_partLogLike()  aTree->root->cl[pNum 0][rate 0][symb 1][seqPos 185]  -4.71327e-74
Try raising var.PIVEC_MIN, var.RATE_MIN, var.BRLEN_MIN, or var.GAMMA_SHAPE_MIN?
p4_partLogLike()  aTree->root->cl[pNum 0][rate 0][symb 2][seqPos 185]  -7.03436e-101
Try raising var.PIVEC_MIN, var.RATE_MIN, var.BRLEN_MIN, or var.GAMMA_SHAPE_MIN?
p4_partLogLike()  aTree->root->cl[pNum 0][rate 0][symb 3][seqPos 185]  -1.71024e-100
Try raising var.PIVEC_MIN, var.RATE_MIN, var.BRLEN_MIN, or var.GAMMA_SHAPE_MIN?
p4_partLogLike()  aTree->root->cl[pNum 0][rate 1][symb 0][seqPos 185]  -3.48662e-75
Try raising var.PIVEC_MIN, var.RATE_MIN, var.BRLEN_MIN, or var.GAMMA_SHAPE_MIN?
p4_partLogLike()  aTree->root->cl[pNum 0][rate 1][symb 1][seqPos 185]  -6.59916e-74
Try raising var.PIVEC_MIN, var.RATE_MIN, var.BRLEN_MIN, or var.GAMMA_SHAPE_MIN?
p4_partLogLike()  aTree->root->cl[pNum 0][rate 1][symb 2][seqPos 185]  -1.21102e-100
Try raising var.PIVEC_MIN, var.RATE_MIN, var.BRLEN_MIN, or var.GAMMA_SHAPE_MIN?
p4_partLogLike()  aTree->root->cl[pNum 0][rate 1][symb 3][seqPos 185]  -2.73942e-100
Try raising var.PIVEC_MIN, var.RATE_MIN, var.BRLEN_MIN, or var.GAMMA_SHAPE_MIN?
p4_partLogLike()  aTree->root->cl[pNum 0][rate 2][symb 0][seqPos 185]  -4.73324e-75
Try raising var.PIVEC_MIN, var.RATE_MIN, var.BRLEN_MIN, or var.GAMMA_SHAPE_MIN?
p4_partLogLike()  aTree->root->cl[pNum 0][rate 2][symb 1][seqPos 185]  -8.20668e-74
Try raising var.PIVEC_MIN, var.RATE_MIN, var.BRLEN_MIN, or var.GAMMA_SHAPE_MIN?
p4_partLogLike()  aTree->root->cl[pNum 0][rate 2][symb 2][seqPos 185]  -1.73906e-100
Try raising var.PIVEC_MIN, var.RATE_MIN, var.BRLEN_MIN, or var.GAMMA_SHAPE_MIN?
p4_partLogLike()  aTree->root->cl[pNum 0][rate 2][symb 3][seqPos 185]  -3.74526e-100
Try raising var.PIVEC_MIN, var.RATE_MIN, var.BRLEN_MIN, or var.GAMMA_SHAPE_MIN?
p4_partLogLike()  aTree->root->cl[pNum 0][rate 3][symb 0][seqPos 185]  -7.25499e-75
Try raising var.PIVEC_MIN, var.RATE_MIN, var.BRLEN_MIN, or var.GAMMA_SHAPE_MIN?
p4_partLogLike()  aTree->root->cl[pNum 0][rate 3][symb 1][seqPos 185]  -1.10609e-73
Try raising var.PIVEC_MIN, var.RATE_MIN, var.BRLEN_MIN, or var.GAMMA_SHAPE_MIN?
p4_partLogLike()  aTree->root->cl[pNum 0][rate 3][symb 2][seqPos 185]  -2.90045e-100
Try raising var.PIVEC_MIN, var.RATE_MIN, var.BRLEN_MIN, or var.GAMMA_SHAPE_MIN?
p4_partLogLike()  aTree->root->cl[pNum 0][rate 3][symb 3][seqPos 185]  -5.8204e-100
Try raising var.PIVEC_MIN, var.RATE_MIN, var.BRLEN_MIN, or var.GAMMA_SHAPE_MIN?
p4_partLogLike()  aTree->root->cl[pNum 0][rate 0][symb 0][seqPos 185]  -1.84662e-75
Try raising var.PIVEC_MIN, var.RATE_MIN, var.BRLEN_MIN, or var.GAMMA_SHAPE_MIN?
p4_partLogLike()  aTree->root->cl[pNum 0][rate 0][symb 1][seqPos 185]  -3.23299e-74
Try raising var.PIVEC_MIN, var.RATE_MIN, var.BRLEN_MIN, or var.GAMMA_SHAPE_MIN?
p4_partLogLike()  aTree->root->cl[pNum 0][rate 0][symb 2][seqPos 185]  -4.8136e-101
Try raising var.PIVEC_MIN, var.RATE_MIN, var.BRLEN_MIN, or var.GAMMA_SHAPE_MIN?
p4_partLogLike()  aTree->root->cl[pNum 0][rate 0][symb 3][seqPos 185]  -9.02224e-101
Try raising var.PIVEC_MIN, var.RATE_MIN, var.BRLEN_MIN, or var.GAMMA_SHAPE_MIN?
p4_partLogLike()  aTree->root->cl[pNum 0][rate 1][symb 0][seqPos 185]  -3.02054e-75
Try raising var.PIVEC_MIN, var.RATE_MIN, var.BRLEN_MIN, or var.GAMMA_SHAPE_MIN?
p4_partLogLike()  aTree->root->cl[pNum 0][rate 1][symb 1][seqPos 185]  -4.65269e-74
Try raising var.PIVEC_MIN, var.RATE_MIN, var.BRLEN_MIN, or var.GAMMA_SHAPE_MIN?
p4_partLogLike()  aTree->root->cl[pNum 0][rate 1][symb 2][seqPos 185]  -8.51091e-101
Try raising var.PIVEC_MIN, var.RATE_MIN, var.BRLEN_MIN, or var.GAMMA_SHAPE_MIN?
p4_partLogLike()  aTree->root->cl[pNum 0][rate 1][symb 3][seqPos 185]  -1.50675e-100
Try raising var.PIVEC_MIN, var.RATE_MIN, var.BRLEN_MIN, or var.GAMMA_SHAPE_MIN?
p4_partLogLike()  aTree->root->cl[pNum 0][rate 2][symb 0][seqPos 185]  -4.17629e-75
Try raising var.PIVEC_MIN, var.RATE_MIN, var.BRLEN_MIN, or var.GAMMA_SHAPE_MIN?
p4_partLogLike()  aTree->root->cl[pNum 0][rate 2][symb 1][seqPos 185]  -5.89015e-74
Try raising var.PIVEC_MIN, var.RATE_MIN, var.BRLEN_MIN, or var.GAMMA_SHAPE_MIN?
p4_partLogLike()  aTree->root->cl[pNum 0][rate 2][symb 2][seqPos 185]  -1.24527e-100
Try raising var.PIVEC_MIN, var.RATE_MIN, var.BRLEN_MIN, or var.GAMMA_SHAPE_MIN?
p4_partLogLike()  aTree->root->cl[pNum 0][rate 2][symb 3][seqPos 185]  -2.12309e-100
Try raising var.PIVEC_MIN, var.RATE_MIN, var.BRLEN_MIN, or var.GAMMA_SHAPE_MIN?
p4_partLogLike()  aTree->root->cl[pNum 0][rate 3][symb 0][seqPos 185]  -6.56473e-75
Try raising var.PIVEC_MIN, var.RATE_MIN, var.BRLEN_MIN, or var.GAMMA_SHAPE_MIN?
p4_partLogLike()  aTree->root->cl[pNum 0][rate 3][symb 1][seqPos 185]  -8.13035e-74
Try raising var.PIVEC_MIN, var.RATE_MIN, var.BRLEN_MIN, or var.GAMMA_SHAPE_MIN?
p4_partLogLike()  aTree->root->cl[pNum 0][rate 3][symb 2][seqPos 185]  -2.113e-100
Try raising var.PIVEC_MIN, var.RATE_MIN, var.BRLEN_MIN, or var.GAMMA_SHAPE_MIN?
p4_partLogLike()  aTree->root->cl[pNum 0][rate 3][symb 3][seqPos 185]  -3.41779e-100
Try raising var.PIVEC_MIN, var.RATE_MIN, var.BRLEN_MIN, or var.GAMMA_SHAPE_MIN?
p4_partLogLike()  aTree->root->cl[pNum 0][rate 0][symb 0][seqPos 185]  -3.29746e-75
Try raising var.PIVEC_MIN, var.RATE_MIN, var.BRLEN_MIN, or var.GAMMA_SHAPE_MIN?
p4_partLogLike()  aTree->root->cl[pNum 0][rate 0][symb 1][seqPos 185]  -6.48284e-74
Try raising var.PIVEC_MIN, var.RATE_MIN, var.BRLEN_MIN, or var.GAMMA_SHAPE_MIN?
p4_partLogLike()  aTree->root->cl[pNum 0][rate 0][symb 2][seqPos 185]  -3.95633e-101
Try raising var.PIVEC_MIN, var.RATE_MIN, var.BRLEN_MIN, or var.GAMMA_SHAPE_MIN?
p4_partLogLike()  aTree->root->cl[pNum 0][rate 0][symb 3][seqPos 185]  -2.99386e-100
Try raising var.PIVEC_MIN, var.RATE_MIN, var.BRLEN_MIN, or var.GAMMA_SHAPE_MIN?
p4_partLogLike()  aTree->root->cl[pNum 0][rate 1][symb 0][seqPos 185]  -5.34467e-75
Try raising var.PIVEC_MIN, var.RATE_MIN, var.BRLEN_MIN, or var.GAMMA_SHAPE_MIN?
p4_partLogLike()  aTree->root->cl[pNum 0][rate 1][symb 1][seqPos 185]  -9.26574e-74
Try raising var.PIVEC_MIN, var.RATE_MIN, var.BRLEN_MIN, or var.GAMMA_SHAPE_MIN?
p4_partLogLike()  aTree->root->cl[pNum 0][rate 1][symb 2][seqPos 185]  -7.03779e-101
Try raising var.PIVEC_MIN, var.RATE_MIN, var.BRLEN_MIN, or var.GAMMA_SHAPE_MIN?
p4_partLogLike()  aTree->root->cl[pNum 0][rate 1][symb 3][seqPos 185]  -4.8994e-100
Try raising var.PIVEC_MIN, var.RATE_MIN, var.BRLEN_MIN, or var.GAMMA_SHAPE_MIN?
p4_partLogLike()  aTree->root->cl[pNum 0][rate 2][symb 0][seqPos 185]  -7.34895e-75
Try raising var.PIVEC_MIN, var.RATE_MIN, var.BRLEN_MIN, or var.GAMMA_SHAPE_MIN?
p4_partLogLike()  aTree->root->cl[pNum 0][rate 2][symb 1][seqPos 185]  -1.16803e-73
Try raising var.PIVEC_MIN, var.RATE_MIN, var.BRLEN_MIN, or var.GAMMA_SHAPE_MIN?
p4_partLogLike()  aTree->root->cl[pNum 0][rate 2][symb 2][seqPos 185]  -1.03195e-100
Try raising var.PIVEC_MIN, var.RATE_MIN, var.BRLEN_MIN, or var.GAMMA_SHAPE_MIN?
p4_partLogLike()  aTree->root->cl[pNum 0][rate 2][symb 3][seqPos 185]  -6.78472e-100
Try raising var.PIVEC_MIN, var.RATE_MIN, var.BRLEN_MIN, or var.GAMMA_SHAPE_MIN?
p4_partLogLike()  aTree->root->cl[pNum 0][rate 3][symb 0][seqPos 185]  -1.14624e-74
Try raising var.PIVEC_MIN, var.RATE_MIN, var.BRLEN_MIN, or var.GAMMA_SHAPE_MIN?
p4_partLogLike()  aTree->root->cl[pNum 0][rate 3][symb 1][seqPos 185]  -1.60268e-73
Try raising var.PIVEC_MIN, var.RATE_MIN, var.BRLEN_MIN, or var.GAMMA_SHAPE_MIN?
p4_partLogLike()  aTree->root->cl[pNum 0][rate 3][symb 2][seqPos 185]  -1.77066e-100
Try raising var.PIVEC_MIN, var.RATE_MIN, var.BRLEN_MIN, or var.GAMMA_SHAPE_MIN?
p4_partLogLike()  aTree->root->cl[pNum 0][rate 3][symb 3][seqPos 185]  -1.06979e-99
Try raising var.PIVEC_MIN, var.RATE_MIN, var.BRLEN_MIN, or var.GAMMA_SHAPE_MIN?
p4_partLogLike()  aTree->root->cl[pNum 0][rate 0][symb 0][seqPos 185]  -4.82914e-75
Try raising var.PIVEC_MIN, var.RATE_MIN, var.BRLEN_MIN, or var.GAMMA_SHAPE_MIN?
p4_partLogLike()  aTree->root->cl[pNum 0][rate 0][symb 1][seqPos 185]  -7.76693e-74
Try raising var.PIVEC_MIN, var.RATE_MIN, var.BRLEN_MIN, or var.GAMMA_SHAPE_MIN?
p4_partLogLike()  aTree->root->cl[pNum 0][rate 0][symb 2][seqPos 185]  -1.05681e-100
Try raising var.PIVEC_MIN, var.RATE_MIN, var.BRLEN_MIN, or var.GAMMA_SHAPE_MIN?
p4_partLogLike()  aTree->root->cl[pNum 0][rate 0][symb 3][seqPos 185]  -2.38187e-100
Try raising var.PIVEC_MIN, var.RATE_MIN, var.BRLEN_MIN, or var.GAMMA_SHAPE_MIN?
p4_partLogLike()  aTree->root->cl[pNum 0][rate 1][symb 0][seqPos 185]  -7.87233e-75
Try raising var.PIVEC_MIN, var.RATE_MIN, var.BRLEN_MIN, or var.GAMMA_SHAPE_MIN?
p4_partLogLike()  aTree->root->cl[pNum 0][rate 1][symb 1][seqPos 185]  -1.11731e-73
Try raising var.PIVEC_MIN, var.RATE_MIN, var.BRLEN_MIN, or var.GAMMA_SHAPE_MIN?
p4_partLogLike()  aTree->root->cl[pNum 0][rate 1][symb 2][seqPos 185]  -1.86751e-100
Try raising var.PIVEC_MIN, var.RATE_MIN, var.BRLEN_MIN, or var.GAMMA_SHAPE_MIN?
p4_partLogLike()  aTree->root->cl[pNum 0][rate 1][symb 3][seqPos 185]  -3.97367e-100
Try raising var.PIVEC_MIN, var.RATE_MIN, var.BRLEN_MIN, or var.GAMMA_SHAPE_MIN?
p4_partLogLike()  aTree->root->cl[pNum 0][rate 2][symb 0][seqPos 185]  -1.08686e-74
Try raising var.PIVEC_MIN, var.RATE_MIN, var.BRLEN_MIN, or var.GAMMA_SHAPE_MIN?
p4_partLogLike()  aTree->root->cl[pNum 0][rate 2][symb 1][seqPos 185]  -1.41473e-73
Try raising var.PIVEC_MIN, var.RATE_MIN, var.BRLEN_MIN, or var.GAMMA_SHAPE_MIN?
p4_partLogLike()  aTree->root->cl[pNum 0][rate 2][symb 2][seqPos 185]  -2.71999e-100
Try raising var.PIVEC_MIN, var.RATE_MIN, var.BRLEN_MIN, or var.GAMMA_SHAPE_MIN?
p4_partLogLike()  aTree->root->cl[pNum 0][rate 2][symb 3][seqPos 185]  -5.56807e-100
Try raising var.PIVEC_MIN, var.RATE_MIN, var.BRLEN_MIN, or var.GAMMA_SHAPE_MIN?
p4_partLogLike()  aTree->root->cl[pNum 0][rate 3][symb 0][seqPos 185]  -1.70413e-74
Try raising var.PIVEC_MIN, var.RATE_MIN, var.BRLEN_MIN, or var.GAMMA_SHAPE_MIN?
p4_partLogLike()  aTree->root->cl[pNum 0][rate 3][symb 1][seqPos 185]  -1.95432e-73
Try raising var.PIVEC_MIN, var.RATE_MIN, var.BRLEN_MIN, or var.GAMMA_SHAPE_MIN?
p4_partLogLike()  aTree->root->cl[pNum 0][rate 3][symb 2][seqPos 185]  -4.62755e-100
Try raising var.PIVEC_MIN, var.RATE_MIN, var.BRLEN_MIN, or var.GAMMA_SHAPE_MIN?
p4_partLogLike()  aTree->root->cl[pNum 0][rate 3][symb 3][seqPos 185]  -9.01254e-100
Try raising var.PIVEC_MIN, var.RATE_MIN, var.BRLEN_MIN, or var.GAMMA_SHAPE_MIN?
p4_partLogLike()  aTree->root->cl[pNum 0][rate 0][symb 3][seqPos 0]  -1.58179e-83
Try raising var.PIVEC_MIN, var.RATE_MIN, var.BRLEN_MIN, or var.GAMMA_SHAPE_MIN?
p4_partLogLike()  aTree->root->cl[pNum 0][rate 1][symb 3][seqPos 0]  -2.25737e-83
Try raising var.PIVEC_MIN, var.RATE_MIN, var.BRLEN_MIN, or var.GAMMA_SHAPE_MIN?
p4_partLogLike()  aTree->root->cl[pNum 0][rate 2][symb 3][seqPos 0]  -2.83896e-83
Try raising var.PIVEC_MIN, var.RATE_MIN, var.BRLEN_MIN, or var.GAMMA_SHAPE_MIN?
p4_partLogLike()  aTree->root->cl[pNum 0][rate 3][symb 3][seqPos 0]  -3.881e-83
Try raising var.PIVEC_MIN, var.RATE_MIN, var.BRLEN_MIN, or var.GAMMA_SHAPE_MIN?
p4_partLogLike()  aTree->root->cl[pNum 0][rate 0][symb 3][seqPos 2]  -3.08137e-97
Try raising var.PIVEC_MIN, var.RATE_MIN, var.BRLEN_MIN, or var.GAMMA_SHAPE_MIN?
p4_partLogLike()  aTree->root->cl[pNum 0][rate 1][symb 3][seqPos 2]  -4.13917e-97
Try raising var.PIVEC_MIN, var.RATE_MIN, var.BRLEN_MIN, or var.GAMMA_SHAPE_MIN?
p4_partLogLike()  aTree->root->cl[pNum 0][rate 2][symb 3][seqPos 2]  -5.01888e-97
Try raising var.PIVEC_MIN, var.RATE_MIN, var.BRLEN_MIN, or var.GAMMA_SHAPE_MIN?
p4_partLogLike()  aTree->root->cl[pNum 0][rate 3][symb 3][seqPos 2]  -6.53219e-97
Try raising var.PIVEC_MIN, var.RATE_MIN, var.BRLEN_MIN, or var.GAMMA_SHAPE_MIN?
p4_partLogLike()  aTree->root->cl[pNum 0][rate 0][symb 3][seqPos 3]  -2.15533e-81
Try raising var.PIVEC_MIN, var.RATE_MIN, var.BRLEN_MIN, or var.GAMMA_SHAPE_MIN?
p4_partLogLike()  aTree->root->cl[pNum 0][rate 1][symb 3][seqPos 3]  -3.04305e-81
Try raising var.PIVEC_MIN, var.RATE_MIN, var.BRLEN_MIN, or var.GAMMA_SHAPE_MIN?
p4_partLogLike()  aTree->root->cl[pNum 0][rate 2][symb 3][seqPos 3]  -3.80944e-81
Try raising var.PIVEC_MIN, var.RATE_MIN, var.BRLEN_MIN, or var.GAMMA_SHAPE_MIN?
p4_partLogLike()  aTree->root->cl[pNum 0][rate 3][symb 3][seqPos 3]  -5.19301e-81
Try raising var.PIVEC_MIN, var.RATE_MIN, var.BRLEN_MIN, or var.GAMMA_SHAPE_MIN?
p4_partLogLike()  aTree->root->cl[pNum 0][rate 0][symb 0][seqPos 5]  -6.30584e-46
Try raising var.PIVEC_MIN, var.RATE_MIN, var.BRLEN_MIN, or var.GAMMA_SHAPE_MIN?
p4_partLogLike()  aTree->root->cl[pNum 0][rate 0][symb 1][seqPos 5]  -1.55307e-50
Try raising var.PIVEC_MIN, var.RATE_MIN, var.BRLEN_MIN, or var.GAMMA_SHAPE_MIN?
p4_partLogLike()  aTree->root->cl[pNum 0][rate 0][symb 2][seqPos 5]  -3.78316e-49
Try raising var.PIVEC_MIN, var.RATE_MIN, var.BRLEN_MIN, or var.GAMMA_SHAPE_MIN?
p4_partLogLike()  aTree->root->cl[pNum 0][rate 0][symb 3][seqPos 5]  -9.35345e-88
Try raising var.PIVEC_MIN, var.RATE_MIN, var.BRLEN_MIN, or var.GAMMA_SHAPE_MIN?
p4_partLogLike()  aTree->root->cl[pNum 0][rate 1][symb 0][seqPos 5]  -4.61299e-46
Try raising var.PIVEC_MIN, var.RATE_MIN, var.BRLEN_MIN, or var.GAMMA_SHAPE_MIN?
p4_partLogLike()  aTree->root->cl[pNum 0][rate 1][symb 1][seqPos 5]  -1.53937e-50
Try raising var.PIVEC_MIN, var.RATE_MIN, var.BRLEN_MIN, or var.GAMMA_SHAPE_MIN?
p4_partLogLike()  aTree->root->cl[pNum 0][rate 1][symb 2][seqPos 5]  -3.75979e-49
Try raising var.PIVEC_MIN, var.RATE_MIN, var.BRLEN_MIN, or var.GAMMA_SHAPE_MIN?
p4_partLogLike()  aTree->root->cl[pNum 0][rate 1][symb 3][seqPos 5]  -9.44219e-88
Try raising var.PIVEC_MIN, var.RATE_MIN, var.BRLEN_MIN, or var.GAMMA_SHAPE_MIN?
p4_partLogLike()  aTree->root->cl[pNum 0][rate 2][symb 0][seqPos 5]  -3.70559e-46
Try raising var.PIVEC_MIN, var.RATE_MIN, var.BRLEN_MIN, or var.GAMMA_SHAPE_MIN?
p4_partLogLike()  aTree->root->cl[pNum 0][rate 2][symb 1][seqPos 5]  -1.52552e-50
Try raising var.PIVEC_MIN, var.RATE_MIN, var.BRLEN_MIN, or var.GAMMA_SHAPE_MIN?
p4_partLogLike()  aTree->root->cl[pNum 0][rate 2][symb 2][seqPos 5]  -3.73323e-49
Try raising var.PIVEC_MIN, var.RATE_MIN, var.BRLEN_MIN, or var.GAMMA_SHAPE_MIN?
p4_partLogLike()  aTree->root->cl[pNum 0][rate 2][symb 3][seqPos 5]  -9.4843e-88
Try raising var.PIVEC_MIN, var.RATE_MIN, var.BRLEN_MIN, or var.GAMMA_SHAPE_MIN?
p4_partLogLike()  aTree->root->cl[pNum 0][rate 3][symb 0][seqPos 5]  -2.60958e-46
Try raising var.PIVEC_MIN, var.RATE_MIN, var.BRLEN_MIN, or var.GAMMA_SHAPE_MIN?
p4_partLogLike()  aTree->root->cl[pNum 0][rate 3][symb 1][seqPos 5]  -1.46347e-50
Try raising var.PIVEC_MIN, var.RATE_MIN, var.BRLEN_MIN, or var.GAMMA_SHAPE_MIN?
p4_partLogLike()  aTree->root->cl[pNum 0][rate 3][symb 2][seqPos 5]  -3.59218e-49
Try raising var.PIVEC_MIN, var.RATE_MIN, var.BRLEN_MIN, or var.GAMMA_SHAPE_MIN?
p4_partLogLike()  aTree->root->cl[pNum 0][rate 3][symb 3][seqPos 5]  -9.31695e-88
Try raising var.PIVEC_MIN, var.RATE_MIN, var.BRLEN_MIN, or var.GAMMA_SHAPE_MIN?
p4_partLogLike()  aTree->root->cl[pNum 0][rate 0][symb 3][seqPos 6]  -2.54291e-83
Try raising var.PIVEC_MIN, var.RATE_MIN, var.BRLEN_MIN, or var.GAMMA_SHAPE_MIN?
p4_partLogLike()  aTree->root->cl[pNum 0][rate 1][symb 3][seqPos 6]  -4.15868e-83
Try raising var.PIVEC_MIN, var.RATE_MIN, var.BRLEN_MIN, or var.GAMMA_SHAPE_MIN?
p4_partLogLike()  aTree->root->cl[pNum 0][rate 2][symb 3][seqPos 6]  -5.7447e-83
Try raising var.PIVEC_MIN, var.RATE_MIN, var.BRLEN_MIN, or var.GAMMA_SHAPE_MIN?
p4_partLogLike()  aTree->root->cl[pNum 0][rate 3][symb 3][seqPos 6]  -9.00659e-83
Try raising var.PIVEC_MIN, var.RATE_MIN, var.BRLEN_MIN, or var.GAMMA_SHAPE_MIN?
p4_partLogLike()  aTree->root->cl[pNum 0][rate 0][symb 3][seqPos 7]  -4.80017e-87
Try raising var.PIVEC_MIN, var.RATE_MIN, var.BRLEN_MIN, or var.GAMMA_SHAPE_MIN?
p4_partLogLike()  aTree->root->cl[pNum 0][rate 1][symb 3][seqPos 7]  -6.06055e-87
Try raising var.PIVEC_MIN, var.RATE_MIN, var.BRLEN_MIN, or var.GAMMA_SHAPE_MIN?
p4_partLogLike()  aTree->root->cl[pNum 0][rate 2][symb 3][seqPos 7]  -7.03555e-87
Try raising var.PIVEC_MIN, var.RATE_MIN, var.BRLEN_MIN, or var.GAMMA_SHAPE_MIN?
p4_partLogLike()  aTree->root->cl[pNum 0][rate 3][symb 3][seqPos 7]  -8.62018e-87
Try raising var.PIVEC_MIN, var.RATE_MIN, var.BRLEN_MIN, or var.GAMMA_SHAPE_MIN?
p4_partLogLike()  aTree->root->cl[pNum 0][rate 0][symb 3][seqPos 8]  -4.57807e-95
Try raising var.PIVEC_MIN, var.RATE_MIN, var.BRLEN_MIN, or var.GAMMA_SHAPE_MIN?
p4_partLogLike()  aTree->root->cl[pNum 0][rate 1][symb 3][seqPos 8]  -5.7244e-95
Try raising var.PIVEC_MIN, var.RATE_MIN, var.BRLEN_MIN, or var.GAMMA_SHAPE_MIN?
p4_partLogLike()  aTree->root->cl[pNum 0][rate 2][symb 3][seqPos 8]  -6.59057e-95
Try raising var.PIVEC_MIN, var.RATE_MIN, var.BRLEN_MIN, or var.GAMMA_SHAPE_MIN?
p4_partLogLike()  aTree->root->cl[pNum 0][rate 3][symb 3][seqPos 8]  -7.95131e-95
Try raising var.PIVEC_MIN, var.RATE_MIN, var.BRLEN_MIN, or var.GAMMA_SHAPE_MIN?
p4_partLogLike()  aTree->root->cl[pNum 0][rate 0][symb 0][seqPos 9]  -8.48912e-147
Try raising var.PIVEC_MIN, var.RATE_MIN, var.BRLEN_MIN, or var.GAMMA_SHAPE_MIN?
p4_partLogLike()  aTree->root->cl[pNum 0][rate 0][symb 1][seqPos 9]  -2.03381e-146
Try raising var.PIVEC_MIN, var.RATE_MIN, var.BRLEN_MIN, or var.GAMMA_SHAPE_MIN?
p4_partLogLike()  aTree->root->cl[pNum 0][rate 0][symb 2][seqPos 9]  -2.41885e-146
Try raising var.PIVEC_MIN, var.RATE_MIN, var.BRLEN_MIN, or var.GAMMA_SHAPE_MIN?
p4_partLogLike()  aTree->root->cl[pNum 0][rate 0][symb 3][seqPos 9]  -1.5648e-67
Try raising var.PIVEC_MIN, var.RATE_MIN, var.BRLEN_MIN, or var.GAMMA_SHAPE_MIN?
p4_partLogLike()  aTree->root->cl[pNum 0][rate 1][symb 0][seqPos 9]  -1.57394e-146
Try raising var.PIVEC_MIN, var.RATE_MIN, var.BRLEN_MIN, or var.GAMMA_SHAPE_MIN?
p4_partLogLike()  aTree->root->cl[pNum 0][rate 1][symb 1][seqPos 9]  -3.74852e-146
Try raising var.PIVEC_MIN, var.RATE_MIN, var.BRLEN_MIN, or var.GAMMA_SHAPE_MIN?
p4_partLogLike()  aTree->root->cl[pNum 0][rate 1][symb 2][seqPos 9]  -4.43941e-146
Try raising var.PIVEC_MIN, var.RATE_MIN, var.BRLEN_MIN, or var.GAMMA_SHAPE_MIN?
p4_partLogLike()  aTree->root->cl[pNum 0][rate 1][symb 3][seqPos 9]  -2.28255e-67
Try raising var.PIVEC_MIN, var.RATE_MIN, var.BRLEN_MIN, or var.GAMMA_SHAPE_MIN?
p4_partLogLike()  aTree->root->cl[pNum 0][rate 2][symb 0][seqPos 9]  -2.39161e-146
Try raising var.PIVEC_MIN, var.RATE_MIN, var.BRLEN_MIN, or var.GAMMA_SHAPE_MIN?
p4_partLogLike()  aTree->root->cl[pNum 0][rate 2][symb 1][seqPos 9]  -5.66182e-146
Try raising var.PIVEC_MIN, var.RATE_MIN, var.BRLEN_MIN, or var.GAMMA_SHAPE_MIN?
p4_partLogLike()  aTree->root->cl[pNum 0][rate 2][symb 2][seqPos 9]  -6.69114e-146
Try raising var.PIVEC_MIN, var.RATE_MIN, var.BRLEN_MIN, or var.GAMMA_SHAPE_MIN?
p4_partLogLike()  aTree->root->cl[pNum 0][rate 2][symb 3][seqPos 9]  -2.93974e-67
Try raising var.PIVEC_MIN, var.RATE_MIN, var.BRLEN_MIN, or var.GAMMA_SHAPE_MIN?
p4_partLogLike()  aTree->root->cl[pNum 0][rate 3][symb 0][seqPos 9]  -4.36158e-146
Try raising var.PIVEC_MIN, var.RATE_MIN, var.BRLEN_MIN, or var.GAMMA_SHAPE_MIN?
p4_partLogLike()  aTree->root->cl[pNum 0][rate 3][symb 1][seqPos 9]  -1.02378e-145
Try raising var.PIVEC_MIN, var.RATE_MIN, var.BRLEN_MIN, or var.GAMMA_SHAPE_MIN?
p4_partLogLike()  aTree->root->cl[pNum 0][rate 3][symb 2][seqPos 9]  -1.20423e-145
Try raising var.PIVEC_MIN, var.RATE_MIN, var.BRLEN_MIN, or var.GAMMA_SHAPE_MIN?
p4_partLogLike()  aTree->root->cl[pNum 0][rate 3][symb 3][seqPos 9]  -4.21296e-67
Try raising var.PIVEC_MIN, var.RATE_MIN, var.BRLEN_MIN, or var.GAMMA_SHAPE_MIN?
p4_partLogLike()  aTree->root->cl[pNum 0][rate 0][symb 3][seqPos 10]  -5.11277e-83
Try raising var.PIVEC_MIN, var.RATE_MIN, var.BRLEN_MIN, or var.GAMMA_SHAPE_MIN?
p4_partLogLike()  aTree->root->cl[pNum 0][rate 1][symb 3][seqPos 10]  -7.88175e-83
Try raising var.PIVEC_MIN, var.RATE_MIN, var.BRLEN_MIN, or var.GAMMA_SHAPE_MIN?
p4_partLogLike()  aTree->root->cl[pNum 0][rate 2][symb 3][seqPos 10]  -1.05197e-82
Try raising var.PIVEC_MIN, var.RATE_MIN, var.BRLEN_MIN, or var.GAMMA_SHAPE_MIN?
p4_partLogLike()  aTree->root->cl[pNum 0][rate 3][symb 3][seqPos 10]  -1.58268e-82
Try raising var.PIVEC_MIN, var.RATE_MIN, var.BRLEN_MIN, or var.GAMMA_SHAPE_MIN?
p4_partLogLike()  aTree->root->cl[pNum 0][rate 0][symb 3][seqPos 11]  -6.79029e-53
Try raising var.PIVEC_MIN, var.RATE_MIN, var.BRLEN_MIN, or var.GAMMA_SHAPE_MIN?
p4_partLogLike()  aTree->root->cl[pNum 0][rate 1][symb 3][seqPos 11]  -9.12564e-53
Try raising var.PIVEC_MIN, var.RATE_MIN, var.BRLEN_MIN, or var.GAMMA_SHAPE_MIN?
p4_partLogLike()  aTree->root->cl[pNum 0][rate 2][symb 3][seqPos 11]  -1.11206e-52
Try raising var.PIVEC_MIN, var.RATE_MIN, var.BRLEN_MIN, or var.GAMMA_SHAPE_MIN?
p4_partLogLike()  aTree->root->cl[pNum 0][rate 3][symb 3][seqPos 11]  -1.47302e-52
Try raising var.PIVEC_MIN, var.RATE_MIN, var.BRLEN_MIN, or var.GAMMA_SHAPE_MIN?
p4_partLogLike()  aTree->root->cl[pNum 0][rate 0][symb 3][seqPos 12]  -5.11164e-44
Try raising var.PIVEC_MIN, var.RATE_MIN, var.BRLEN_MIN, or var.GAMMA_SHAPE_MIN?
p4_partLogLike()  aTree->root->cl[pNum 0][rate 1][symb 3][seqPos 12]  -5.90729e-44
Try raising var.PIVEC_MIN, var.RATE_MIN, var.BRLEN_MIN, or var.GAMMA_SHAPE_MIN?
p4_partLogLike()  aTree->root->cl[pNum 0][rate 2][symb 3][seqPos 12]  -6.48311e-44
Try raising var.PIVEC_MIN, var.RATE_MIN, var.BRLEN_MIN, or var.GAMMA_SHAPE_MIN?
p4_partLogLike()  aTree->root->cl[pNum 0][rate 3][symb 3][seqPos 12]  -7.36105e-44
Try raising var.PIVEC_MIN, var.RATE_MIN, var.BRLEN_MIN, or var.GAMMA_SHAPE_MIN?
p4_partLogLike()  aTree->root->cl[pNum 0][rate 0][symb 3][seqPos 14]  -3.74288e-71
Try raising var.PIVEC_MIN, var.RATE_MIN, var.BRLEN_MIN, or var.GAMMA_SHAPE_MIN?
p4_partLogLike()  aTree->root->cl[pNum 0][rate 1][symb 3][seqPos 14]  -4.83581e-71
Try raising var.PIVEC_MIN, var.RATE_MIN, var.BRLEN_MIN, or var.GAMMA_SHAPE_MIN?
p4_partLogLike()  aTree->root->cl[pNum 0][rate 2][symb 3][seqPos 14]  -5.72493e-71
Try raising var.PIVEC_MIN, var.RATE_MIN, var.BRLEN_MIN, or var.GAMMA_SHAPE_MIN?
p4_partLogLike()  aTree->root->cl[pNum 0][rate 3][symb 3][seqPos 14]  -7.14806e-71
Try raising var.PIVEC_MIN, var.RATE_MIN, var.BRLEN_MIN, or var.GAMMA_SHAPE_MIN?
p4_partLogLike()  aTree->root->cl[pNum 0][rate 0][symb 3][seqPos 15]  -6.39635e-76
Try raising var.PIVEC_MIN, var.RATE_MIN, var.BRLEN_MIN, or var.GAMMA_SHAPE_MIN?
p4_partLogLike()  aTree->root->cl[pNum 0][rate 1][symb 3][seqPos 15]  -8.44346e-76
Try raising var.PIVEC_MIN, var.RATE_MIN, var.BRLEN_MIN, or var.GAMMA_SHAPE_MIN?
p4_partLogLike()  aTree->root->cl[pNum 0][rate 2][symb 3][seqPos 15]  -1.00908e-75
Try raising var.PIVEC_MIN, var.RATE_MIN, var.BRLEN_MIN, or var.GAMMA_SHAPE_MIN?
p4_partLogLike()  aTree->root->cl[pNum 0][rate 3][symb 3][seqPos 15]  -1.28709e-75
Try raising var.PIVEC_MIN, var.RATE_MIN, var.BRLEN_MIN, or var.GAMMA_SHAPE_MIN?
p4_partLogLike()  aTree->root->cl[pNum 0][rate 0][symb 3][seqPos 22]  -1.795e-84
Try raising var.PIVEC_MIN, var.RATE_MIN, var.BRLEN_MIN, or var.GAMMA_SHAPE_MIN?
p4_partLogLike()  aTree->root->cl[pNum 0][rate 1][symb 3][seqPos 22]  -2.19778e-84
Try raising var.PIVEC_MIN, var.RATE_MIN, var.BRLEN_MIN, or var.GAMMA_SHAPE_MIN?
p4_partLogLike()  aTree->root->cl[pNum 0][rate 2][symb 3][seqPos 22]  -2.51531e-84
Try raising var.PIVEC_MIN, var.RATE_MIN, var.BRLEN_MIN, or var.GAMMA_SHAPE_MIN?
p4_partLogLike()  aTree->root->cl[pNum 0][rate 3][symb 3][seqPos 22]  -3.04566e-84
Try raising var.PIVEC_MIN, var.RATE_MIN, var.BRLEN_MIN, or var.GAMMA_SHAPE_MIN?
p4_partLogLike()  aTree->root->cl[pNum 0][rate 0][symb 1][seqPos 23]  -8.63145e-114
Try raising var.PIVEC_MIN, var.RATE_MIN, var.BRLEN_MIN, or var.GAMMA_SHAPE_MIN?
p4_partLogLike()  aTree->root->cl[pNum 0][rate 0][symb 2][seqPos 23]  -6.56183e-113
Try raising var.PIVEC_MIN, var.RATE_MIN, var.BRLEN_MIN, or var.GAMMA_SHAPE_MIN?
p4_partLogLike()  aTree->root->cl[pNum 0][rate 0][symb 3][seqPos 23]  -6.882e-111
Try raising var.PIVEC_MIN, var.RATE_MIN, var.BRLEN_MIN, or var.GAMMA_SHAPE_MIN?
p4_partLogLike()  aTree->root->cl[pNum 0][rate 1][symb 1][seqPos 23]  -1.79594e-113
Try raising var.PIVEC_MIN, var.RATE_MIN, var.BRLEN_MIN, or var.GAMMA_SHAPE_MIN?
p4_partLogLike()  aTree->root->cl[pNum 0][rate 1][symb 2][seqPos 23]  -3.94027e-112
Try raising var.PIVEC_MIN, var.RATE_MIN, var.BRLEN_MIN, or var.GAMMA_SHAPE_MIN?
p4_partLogLike()  aTree->root->cl[pNum 0][rate 1][symb 3][seqPos 23]  -1.07274e-110
Try raising var.PIVEC_MIN, var.RATE_MIN, var.BRLEN_MIN, or var.GAMMA_SHAPE_MIN?
p4_partLogLike()  aTree->root->cl[pNum 0][rate 2][symb 1][seqPos 23]  -2.52768e-113
Try raising var.PIVEC_MIN, var.RATE_MIN, var.BRLEN_MIN, or var.GAMMA_SHAPE_MIN?
p4_partLogLike()  aTree->root->cl[pNum 0][rate 2][symb 2][seqPos 23]  -9.57594e-112
Try raising var.PIVEC_MIN, var.RATE_MIN, var.BRLEN_MIN, or var.GAMMA_SHAPE_MIN?
p4_partLogLike()  aTree->root->cl[pNum 0][rate 2][symb 3][seqPos 23]  -1.43062e-110
Try raising var.PIVEC_MIN, var.RATE_MIN, var.BRLEN_MIN, or var.GAMMA_SHAPE_MIN?
p4_partLogLike()  aTree->root->cl[pNum 0][rate 3][symb 1][seqPos 23]  -2.66548e-113
Try raising var.PIVEC_MIN, var.RATE_MIN, var.BRLEN_MIN, or var.GAMMA_SHAPE_MIN?
p4_partLogLike()  aTree->root->cl[pNum 0][rate 3][symb 2][seqPos 23]  -4.50663e-112
Try raising var.PIVEC_MIN, var.RATE_MIN, var.BRLEN_MIN, or var.GAMMA_SHAPE_MIN?
p4_partLogLike()  aTree->root->cl[pNum 0][rate 3][symb 3][seqPos 23]  -2.12368e-110
Try raising var.PIVEC_MIN, var.RATE_MIN, var.BRLEN_MIN, or var.GAMMA_SHAPE_MIN?
p4_partLogLike()  aTree->root->cl[pNum 0][rate 0][symb 0][seqPos 27]  -4.26192e-133
Try raising var.PIVEC_MIN, var.RATE_MIN, var.BRLEN_MIN, or var.GAMMA_SHAPE_MIN?
p4_partLogLike()  aTree->root->cl[pNum 0][rate 0][symb 1][seqPos 27]  -8.68938e-134
Try raising var.PIVEC_MIN, var.RATE_MIN, var.BRLEN_MIN, or var.GAMMA_SHAPE_MIN?
p4_partLogLike()  aTree->root->cl[pNum 0][rate 0][symb 2][seqPos 27]  -2.32759e-133
Try raising var.PIVEC_MIN, var.RATE_MIN, var.BRLEN_MIN, or var.GAMMA_SHAPE_MIN?
p4_partLogLike()  aTree->root->cl[pNum 0][rate 0][symb 3][seqPos 27]  -8.98773e-68
Try raising var.PIVEC_MIN, var.RATE_MIN, var.BRLEN_MIN, or var.GAMMA_SHAPE_MIN?
p4_partLogLike()  aTree->root->cl[pNum 0][rate 1][symb 0][seqPos 27]  -6.62323e-133
Try raising var.PIVEC_MIN, var.RATE_MIN, var.BRLEN_MIN, or var.GAMMA_SHAPE_MIN?
p4_partLogLike()  aTree->root->cl[pNum 0][rate 1][symb 1][seqPos 27]  -1.47441e-133
Try raising var.PIVEC_MIN, var.RATE_MIN, var.BRLEN_MIN, or var.GAMMA_SHAPE_MIN?
p4_partLogLike()  aTree->root->cl[pNum 0][rate 1][symb 2][seqPos 27]  -3.87968e-133
Try raising var.PIVEC_MIN, var.RATE_MIN, var.BRLEN_MIN, or var.GAMMA_SHAPE_MIN?
p4_partLogLike()  aTree->root->cl[pNum 0][rate 1][symb 3][seqPos 27]  -1.22258e-67
Try raising var.PIVEC_MIN, var.RATE_MIN, var.BRLEN_MIN, or var.GAMMA_SHAPE_MIN?
p4_partLogLike()  aTree->root->cl[pNum 0][rate 2][symb 0][seqPos 27]  -8.90637e-133
Try raising var.PIVEC_MIN, var.RATE_MIN, var.BRLEN_MIN, or var.GAMMA_SHAPE_MIN?
p4_partLogLike()  aTree->root->cl[pNum 0][rate 2][symb 1][seqPos 27]  -2.10215e-133
Try raising var.PIVEC_MIN, var.RATE_MIN, var.BRLEN_MIN, or var.GAMMA_SHAPE_MIN?
p4_partLogLike()  aTree->root->cl[pNum 0][rate 2][symb 2][seqPos 27]  -5.46065e-133
Try raising var.PIVEC_MIN, var.RATE_MIN, var.BRLEN_MIN, or var.GAMMA_SHAPE_MIN?
p4_partLogLike()  aTree->root->cl[pNum 0][rate 2][symb 3][seqPos 27]  -1.50027e-67
Try raising var.PIVEC_MIN, var.RATE_MIN, var.BRLEN_MIN, or var.GAMMA_SHAPE_MIN?
p4_partLogLike()  aTree->root->cl[pNum 0][rate 3][symb 0][seqPos 27]  -1.3576e-132
Try raising var.PIVEC_MIN, var.RATE_MIN, var.BRLEN_MIN, or var.GAMMA_SHAPE_MIN?
p4_partLogLike()  aTree->root->cl[pNum 0][rate 3][symb 1][seqPos 27]  -3.49494e-133
Try raising var.PIVEC_MIN, var.RATE_MIN, var.BRLEN_MIN, or var.GAMMA_SHAPE_MIN?
p4_partLogLike()  aTree->root->cl[pNum 0][rate 3][symb 2][seqPos 27]  -8.88794e-133
Try raising var.PIVEC_MIN, var.RATE_MIN, var.BRLEN_MIN, or var.GAMMA_SHAPE_MIN?
p4_partLogLike()  aTree->root->cl[pNum 0][rate 3][symb 3][seqPos 27]  -2.00294e-67
Try raising var.PIVEC_MIN, var.RATE_MIN, var.BRLEN_MIN, or var.GAMMA_SHAPE_MIN?
p4_partLogLike()  aTree->root->cl[pNum 0][rate 0][symb 0][seqPos 29]  -1.51629e-118
Try raising var.PIVEC_MIN, var.RATE_MIN, var.BRLEN_MIN, or var.GAMMA_SHAPE_MIN?
p4_partLogLike()  aTree->root->cl[pNum 0][rate 0][symb 1][seqPos 29]  -2.55415e-119
Try raising var.PIVEC_MIN, var.RATE_MIN, var.BRLEN_MIN, or var.GAMMA_SHAPE_MIN?
p4_partLogLike()  aTree->root->cl[pNum 0][rate 0][symb 2][seqPos 29]  -6.95147e-119
Try raising var.PIVEC_MIN, var.RATE_MIN, var.BRLEN_MIN, or var.GAMMA_SHAPE_MIN?
p4_partLogLike()  aTree->root->cl[pNum 0][rate 0][symb 3][seqPos 29]  -2.06481e-53
Try raising var.PIVEC_MIN, var.RATE_MIN, var.BRLEN_MIN, or var.GAMMA_SHAPE_MIN?
p4_partLogLike()  aTree->root->cl[pNum 0][rate 1][symb 0][seqPos 29]  -2.29222e-118
Try raising var.PIVEC_MIN, var.RATE_MIN, var.BRLEN_MIN, or var.GAMMA_SHAPE_MIN?
p4_partLogLike()  aTree->root->cl[pNum 0][rate 1][symb 1][seqPos 29]  -4.20535e-119
Try raising var.PIVEC_MIN, var.RATE_MIN, var.BRLEN_MIN, or var.GAMMA_SHAPE_MIN?
p4_partLogLike()  aTree->root->cl[pNum 0][rate 1][symb 2][seqPos 29]  -1.12499e-118
Try raising var.PIVEC_MIN, var.RATE_MIN, var.BRLEN_MIN, or var.GAMMA_SHAPE_MIN?
p4_partLogLike()  aTree->root->cl[pNum 0][rate 1][symb 3][seqPos 29]  -2.7267e-53
Try raising var.PIVEC_MIN, var.RATE_MIN, var.BRLEN_MIN, or var.GAMMA_SHAPE_MIN?
p4_partLogLike()  aTree->root->cl[pNum 0][rate 2][symb 0][seqPos 29]  -3.0366e-118
Try raising var.PIVEC_MIN, var.RATE_MIN, var.BRLEN_MIN, or var.GAMMA_SHAPE_MIN?
p4_partLogLike()  aTree->root->cl[pNum 0][rate 2][symb 1][seqPos 29]  -5.90051e-119
Try raising var.PIVEC_MIN, var.RATE_MIN, var.BRLEN_MIN, or var.GAMMA_SHAPE_MIN?
p4_partLogLike()  aTree->root->cl[pNum 0][rate 2][symb 2][seqPos 29]  -1.55863e-118
Try raising var.PIVEC_MIN, var.RATE_MIN, var.BRLEN_MIN, or var.GAMMA_SHAPE_MIN?
p4_partLogLike()  aTree->root->cl[pNum 0][rate 2][symb 3][seqPos 29]  -3.28386e-53
Try raising var.PIVEC_MIN, var.RATE_MIN, var.BRLEN_MIN, or var.GAMMA_SHAPE_MIN?
p4_partLogLike()  aTree->root->cl[pNum 0][rate 3][symb 0][seqPos 29]  -4.54e-118
Try raising var.PIVEC_MIN, var.RATE_MIN, var.BRLEN_MIN, or var.GAMMA_SHAPE_MIN?
p4_partLogLike()  aTree->root->cl[pNum 0][rate 3][symb 1][seqPos 29]  -9.59047e-119
Try raising var.PIVEC_MIN, var.RATE_MIN, var.BRLEN_MIN, or var.GAMMA_SHAPE_MIN?
p4_partLogLike()  aTree->root->cl[pNum 0][rate 3][symb 2][seqPos 29]  -2.48623e-118
Try raising var.PIVEC_MIN, var.RATE_MIN, var.BRLEN_MIN, or var.GAMMA_SHAPE_MIN?
p4_partLogLike()  aTree->root->cl[pNum 0][rate 3][symb 3][seqPos 29]  -4.27539e-53
Try raising var.PIVEC_MIN, var.RATE_MIN, var.BRLEN_MIN, or var.GAMMA_SHAPE_MIN?
p4_partLogLike()  aTree->root->cl[pNum 0][rate 0][symb 3][seqPos 34]  -9.23557e-47
Try raising var.PIVEC_MIN, var.RATE_MIN, var.BRLEN_MIN, or var.GAMMA_SHAPE_MIN?
p4_partLogLike()  aTree->root->cl[pNum 0][rate 1][symb 3][seqPos 34]  -1.06345e-46
Try raising var.PIVEC_MIN, var.RATE_MIN, var.BRLEN_MIN, or var.GAMMA_SHAPE_MIN?
p4_partLogLike()  aTree->root->cl[pNum 0][rate 2][symb 3][seqPos 34]  -1.12893e-46
Try raising var.PIVEC_MIN, var.RATE_MIN, var.BRLEN_MIN, or var.GAMMA_SHAPE_MIN?
p4_partLogLike()  aTree->root->cl[pNum 0][rate 3][symb 3][seqPos 34]  -1.14702e-46
Try raising var.PIVEC_MIN, var.RATE_MIN, var.BRLEN_MIN, or var.GAMMA_SHAPE_MIN?
p4_partLogLike()  aTree->root->cl[pNum 0][rate 0][symb 0][seqPos 36]  -5.15197e-65
Try raising var.PIVEC_MIN, var.RATE_MIN, var.BRLEN_MIN, or var.GAMMA_SHAPE_MIN?
p4_partLogLike()  aTree->root->cl[pNum 0][rate 0][symb 1][seqPos 36]  -2.9471e-63
Try raising var.PIVEC_MIN, var.RATE_MIN, var.BRLEN_MIN, or var.GAMMA_SHAPE_MIN?
p4_partLogLike()  aTree->root->cl[pNum 0][rate 0][symb 2][seqPos 36]  -8.59606e-65
Try raising var.PIVEC_MIN, var.RATE_MIN, var.BRLEN_MIN, or var.GAMMA_SHAPE_MIN?
p4_partLogLike()  aTree->root->cl[pNum 0][rate 0][symb 3][seqPos 36]  -1.13465e-74
Try raising var.PIVEC_MIN, var.RATE_MIN, var.BRLEN_MIN, or var.GAMMA_SHAPE_MIN?
p4_partLogLike()  aTree->root->cl[pNum 0][rate 1][symb 0][seqPos 36]  -9.33368e-65
Try raising var.PIVEC_MIN, var.RATE_MIN, var.BRLEN_MIN, or var.GAMMA_SHAPE_MIN?
p4_partLogLike()  aTree->root->cl[pNum 0][rate 1][symb 1][seqPos 36]  -4.74997e-63
Try raising var.PIVEC_MIN, var.RATE_MIN, var.BRLEN_MIN, or var.GAMMA_SHAPE_MIN?
p4_partLogLike()  aTree->root->cl[pNum 0][rate 1][symb 2][seqPos 36]  -1.49132e-64
Try raising var.PIVEC_MIN, var.RATE_MIN, var.BRLEN_MIN, or var.GAMMA_SHAPE_MIN?
p4_partLogLike()  aTree->root->cl[pNum 0][rate 1][symb 3][seqPos 36]  -1.81583e-74
Try raising var.PIVEC_MIN, var.RATE_MIN, var.BRLEN_MIN, or var.GAMMA_SHAPE_MIN?
p4_partLogLike()  aTree->root->cl[pNum 0][rate 2][symb 0][seqPos 36]  -1.41169e-64
Try raising var.PIVEC_MIN, var.RATE_MIN, var.BRLEN_MIN, or var.GAMMA_SHAPE_MIN?
p4_partLogLike()  aTree->root->cl[pNum 0][rate 2][symb 1][seqPos 36]  -6.4817e-63
Try raising var.PIVEC_MIN, var.RATE_MIN, var.BRLEN_MIN, or var.GAMMA_SHAPE_MIN?
p4_partLogLike()  aTree->root->cl[pNum 0][rate 2][symb 2][seqPos 36]  -2.20221e-64
Try raising var.PIVEC_MIN, var.RATE_MIN, var.BRLEN_MIN, or var.GAMMA_SHAPE_MIN?
p4_partLogLike()  aTree->root->cl[pNum 0][rate 2][symb 3][seqPos 36]  -2.47062e-74
Try raising var.PIVEC_MIN, var.RATE_MIN, var.BRLEN_MIN, or var.GAMMA_SHAPE_MIN?
p4_partLogLike()  aTree->root->cl[pNum 0][rate 3][symb 0][seqPos 36]  -2.22665e-64
Try raising var.PIVEC_MIN, var.RATE_MIN, var.BRLEN_MIN, or var.GAMMA_SHAPE_MIN?
p4_partLogLike()  aTree->root->cl[pNum 0][rate 3][symb 1][seqPos 36]  -8.96516e-63
Try raising var.PIVEC_MIN, var.RATE_MIN, var.BRLEN_MIN, or var.GAMMA_SHAPE_MIN?
p4_partLogLike()  aTree->root->cl[pNum 0][rate 3][symb 2][seqPos 36]  -3.27904e-64
Try raising var.PIVEC_MIN, var.RATE_MIN, var.BRLEN_MIN, or var.GAMMA_SHAPE_MIN?
p4_partLogLike()  aTree->root->cl[pNum 0][rate 3][symb 3][seqPos 36]  -3.78808e-74
Try raising var.PIVEC_MIN, var.RATE_MIN, var.BRLEN_MIN, or var.GAMMA_SHAPE_MIN?
p4_partLogLike()  aTree->root->cl[pNum 0][rate 0][symb 0][seqPos 38]  -2.6157e-110
Try raising var.PIVEC_MIN, var.RATE_MIN, var.BRLEN_MIN, or var.GAMMA_SHAPE_MIN?
p4_partLogLike()  aTree->root->cl[pNum 0][rate 0][symb 1][seqPos 38]  -5.24396e-112
Try raising var.PIVEC_MIN, var.RATE_MIN, var.BRLEN_MIN, or var.GAMMA_SHAPE_MIN?
p4_partLogLike()  aTree->root->cl[pNum 0][rate 0][symb 2][seqPos 38]  -2.98951e-112
Try raising var.PIVEC_MIN, var.RATE_MIN, var.BRLEN_MIN, or var.GAMMA_SHAPE_MIN?
p4_partLogLike()  aTree->root->cl[pNum 0][rate 0][symb 3][seqPos 38]  -6.69795e-99
Try raising var.PIVEC_MIN, var.RATE_MIN, var.BRLEN_MIN, or var.GAMMA_SHAPE_MIN?
p4_partLogLike()  aTree->root->cl[pNum 0][rate 1][symb 0][seqPos 38]  -4.03983e-110
Try raising var.PIVEC_MIN, var.RATE_MIN, var.BRLEN_MIN, or var.GAMMA_SHAPE_MIN?
p4_partLogLike()  aTree->root->cl[pNum 0][rate 1][symb 1][seqPos 38]  -9.46643e-112
Try raising var.PIVEC_MIN, var.RATE_MIN, var.BRLEN_MIN, or var.GAMMA_SHAPE_MIN?
p4_partLogLike()  aTree->root->cl[pNum 0][rate 1][symb 2][seqPos 38]  -6.0263e-112
Try raising var.PIVEC_MIN, var.RATE_MIN, var.BRLEN_MIN, or var.GAMMA_SHAPE_MIN?
p4_partLogLike()  aTree->root->cl[pNum 0][rate 1][symb 3][seqPos 38]  -1.18499e-98
Try raising var.PIVEC_MIN, var.RATE_MIN, var.BRLEN_MIN, or var.GAMMA_SHAPE_MIN?
p4_partLogLike()  aTree->root->cl[pNum 0][rate 2][symb 0][seqPos 38]  -5.38277e-110
Try raising var.PIVEC_MIN, var.RATE_MIN, var.BRLEN_MIN, or var.GAMMA_SHAPE_MIN?
p4_partLogLike()  aTree->root->cl[pNum 0][rate 2][symb 1][seqPos 38]  -1.40335e-111
Try raising var.PIVEC_MIN, var.RATE_MIN, var.BRLEN_MIN, or var.GAMMA_SHAPE_MIN?
p4_partLogLike()  aTree->root->cl[pNum 0][rate 2][symb 2][seqPos 38]  -9.61134e-112
Try raising var.PIVEC_MIN, var.RATE_MIN, var.BRLEN_MIN, or var.GAMMA_SHAPE_MIN?
p4_partLogLike()  aTree->root->cl[pNum 0][rate 2][symb 3][seqPos 38]  -1.73061e-98
Try raising var.PIVEC_MIN, var.RATE_MIN, var.BRLEN_MIN, or var.GAMMA_SHAPE_MIN?
p4_partLogLike()  aTree->root->cl[pNum 0][rate 3][symb 0][seqPos 38]  -7.98303e-110
Try raising var.PIVEC_MIN, var.RATE_MIN, var.BRLEN_MIN, or var.GAMMA_SHAPE_MIN?
p4_partLogLike()  aTree->root->cl[pNum 0][rate 3][symb 1][seqPos 38]  -2.43766e-111
Try raising var.PIVEC_MIN, var.RATE_MIN, var.BRLEN_MIN, or var.GAMMA_SHAPE_MIN?
p4_partLogLike()  aTree->root->cl[pNum 0][rate 3][symb 2][seqPos 38]  -1.85084e-111
Try raising var.PIVEC_MIN, var.RATE_MIN, var.BRLEN_MIN, or var.GAMMA_SHAPE_MIN?
p4_partLogLike()  aTree->root->cl[pNum 0][rate 3][symb 3][seqPos 38]  -2.9501e-98
Try raising var.PIVEC_MIN, var.RATE_MIN, var.BRLEN_MIN, or var.GAMMA_SHAPE_MIN?
p4_partLogLike()  aTree->root->cl[pNum 0][rate 0][symb 3][seqPos 39]  -1.10642e-110
Try raising var.PIVEC_MIN, var.RATE_MIN, var.BRLEN_MIN, or var.GAMMA_SHAPE_MIN?
p4_partLogLike()  aTree->root->cl[pNum 0][rate 1][symb 3][seqPos 39]  -1.568e-110
Try raising var.PIVEC_MIN, var.RATE_MIN, var.BRLEN_MIN, or var.GAMMA_SHAPE_MIN?
p4_partLogLike()  aTree->root->cl[pNum 0][rate 2][symb 3][seqPos 39]  -1.95615e-110
Try raising var.PIVEC_MIN, var.RATE_MIN, var.BRLEN_MIN, or var.GAMMA_SHAPE_MIN?
p4_partLogLike()  aTree->root->cl[pNum 0][rate 3][symb 3][seqPos 39]  -2.63446e-110
Try raising var.PIVEC_MIN, var.RATE_MIN, var.BRLEN_MIN, or var.GAMMA_SHAPE_MIN?
p4_partLogLike()  aTree->root->cl[pNum 0][rate 0][symb 3][seqPos 42]  -1.3574e-98
Try raising var.PIVEC_MIN, var.RATE_MIN, var.BRLEN_MIN, or var.GAMMA_SHAPE_MIN?
p4_partLogLike()  aTree->root->cl[pNum 0][rate 1][symb 3][seqPos 42]  -1.52323e-98
Try raising var.PIVEC_MIN, var.RATE_MIN, var.BRLEN_MIN, or var.GAMMA_SHAPE_MIN?
p4_partLogLike()  aTree->root->cl[pNum 0][rate 2][symb 3][seqPos 42]  -1.62786e-98
Try raising var.PIVEC_MIN, var.RATE_MIN, var.BRLEN_MIN, or var.GAMMA_SHAPE_MIN?
p4_partLogLike()  aTree->root->cl[pNum 0][rate 3][symb 3][seqPos 42]  -1.76204e-98
Try raising var.PIVEC_MIN, var.RATE_MIN, var.BRLEN_MIN, or var.GAMMA_SHAPE_MIN?
p4_partLogLike()  aTree->root->cl[pNum 0][rate 0][symb 3][seqPos 44]  -6.02035e-87
Try raising var.PIVEC_MIN, var.RATE_MIN, var.BRLEN_MIN, or var.GAMMA_SHAPE_MIN?
p4_partLogLike()  aTree->root->cl[pNum 0][rate 1][symb 3][seqPos 44]  -7.5424e-87
Try raising var.PIVEC_MIN, var.RATE_MIN, var.BRLEN_MIN, or var.GAMMA_SHAPE_MIN?
p4_partLogLike()  aTree->root->cl[pNum 0][rate 2][symb 3][seqPos 44]  -8.66392e-87
Try raising var.PIVEC_MIN, var.RATE_MIN, var.BRLEN_MIN, or var.GAMMA_SHAPE_MIN?
p4_partLogLike()  aTree->root->cl[pNum 0][rate 3][symb 3][seqPos 44]  -1.03685e-86
Try raising var.PIVEC_MIN, var.RATE_MIN, var.BRLEN_MIN, or var.GAMMA_SHAPE_MIN?
p4_partLogLike()  aTree->root->cl[pNum 0][rate 0][symb 3][seqPos 45]  -1.28569e-101
Try raising var.PIVEC_MIN, var.RATE_MIN, var.BRLEN_MIN, or var.GAMMA_SHAPE_MIN?
p4_partLogLike()  aTree->root->cl[pNum 0][rate 1][symb 3][seqPos 45]  -1.93287e-101
Try raising var.PIVEC_MIN, var.RATE_MIN, var.BRLEN_MIN, or var.GAMMA_SHAPE_MIN?
p4_partLogLike()  aTree->root->cl[pNum 0][rate 2][symb 3][seqPos 45]  -2.50492e-101
Try raising var.PIVEC_MIN, var.RATE_MIN, var.BRLEN_MIN, or var.GAMMA_SHAPE_MIN?
p4_partLogLike()  aTree->root->cl[pNum 0][rate 3][symb 3][seqPos 45]  -3.5401e-101
Try raising var.PIVEC_MIN, var.RATE_MIN, var.BRLEN_MIN, or var.GAMMA_SHAPE_MIN?
p4_partLogLike()  aTree->root->cl[pNum 0][rate 0][symb 3][seqPos 46]  -6.49028e-101
Try raising var.PIVEC_MIN, var.RATE_MIN, var.BRLEN_MIN, or var.GAMMA_SHAPE_MIN?
p4_partLogLike()  aTree->root->cl[pNum 0][rate 1][symb 3][seqPos 46]  -1.08063e-100
Try raising var.PIVEC_MIN, var.RATE_MIN, var.BRLEN_MIN, or var.GAMMA_SHAPE_MIN?
p4_partLogLike()  aTree->root->cl[pNum 0][rate 2][symb 3][seqPos 46]  -1.50923e-100
Try raising var.PIVEC_MIN, var.RATE_MIN, var.BRLEN_MIN, or var.GAMMA_SHAPE_MIN?
p4_partLogLike()  aTree->root->cl[pNum 0][rate 3][symb 3][seqPos 46]  -2.40008e-100
Try raising var.PIVEC_MIN, var.RATE_MIN, var.BRLEN_MIN, or var.GAMMA_SHAPE_MIN?
p4_partLogLike()  aTree->root->cl[pNum 0][rate 0][symb 0][seqPos 51]  -4.9172e-133
Try raising var.PIVEC_MIN, var.RATE_MIN, var.BRLEN_MIN, or var.GAMMA_SHAPE_MIN?
p4_partLogLike()  aTree->root->cl[pNum 0][rate 0][symb 1][seqPos 51]  -9.37243e-132
Try raising var.PIVEC_MIN, var.RATE_MIN, var.BRLEN_MIN, or var.GAMMA_SHAPE_MIN?
p4_partLogLike()  aTree->root->cl[pNum 0][rate 0][symb 2][seqPos 51]  -1.20847e-132
Try raising var.PIVEC_MIN, var.RATE_MIN, var.BRLEN_MIN, or var.GAMMA_SHAPE_MIN?
p4_partLogLike()  aTree->root->cl[pNum 0][rate 1][symb 0][seqPos 51]  -8.77275e-133
Try raising var.PIVEC_MIN, var.RATE_MIN, var.BRLEN_MIN, or var.GAMMA_SHAPE_MIN?
p4_partLogLike()  aTree->root->cl[pNum 0][rate 1][symb 1][seqPos 51]  -1.52697e-131
Try raising var.PIVEC_MIN, var.RATE_MIN, var.BRLEN_MIN, or var.GAMMA_SHAPE_MIN?
p4_partLogLike()  aTree->root->cl[pNum 0][rate 1][symb 2][seqPos 51]  -2.12834e-132
Try raising var.PIVEC_MIN, var.RATE_MIN, var.BRLEN_MIN, or var.GAMMA_SHAPE_MIN?
p4_partLogLike()  aTree->root->cl[pNum 0][rate 2][symb 0][seqPos 51]  -1.29674e-132
Try raising var.PIVEC_MIN, var.RATE_MIN, var.BRLEN_MIN, or var.GAMMA_SHAPE_MIN?
p4_partLogLike()  aTree->root->cl[pNum 0][rate 2][symb 1][seqPos 51]  -2.11996e-131
Try raising var.PIVEC_MIN, var.RATE_MIN, var.BRLEN_MIN, or var.GAMMA_SHAPE_MIN?
p4_partLogLike()  aTree->root->cl[pNum 0][rate 2][symb 2][seqPos 51]  -3.11382e-132
Try raising var.PIVEC_MIN, var.RATE_MIN, var.BRLEN_MIN, or var.GAMMA_SHAPE_MIN?
p4_partLogLike()  aTree->root->cl[pNum 0][rate 3][symb 0][seqPos 51]  -2.26998e-132
Try raising var.PIVEC_MIN, var.RATE_MIN, var.BRLEN_MIN, or var.GAMMA_SHAPE_MIN?
p4_partLogLike()  aTree->root->cl[pNum 0][rate 3][symb 1][seqPos 51]  -3.39859e-131
Try raising var.PIVEC_MIN, var.RATE_MIN, var.BRLEN_MIN, or var.GAMMA_SHAPE_MIN?
p4_partLogLike()  aTree->root->cl[pNum 0][rate 3][symb 2][seqPos 51]  -5.37172e-132
Try raising var.PIVEC_MIN, var.RATE_MIN, var.BRLEN_MIN, or var.GAMMA_SHAPE_MIN?
p4_partLogLike()  aTree->root->cl[pNum 0][rate 0][symb 3][seqPos 52]  -4.43801e-47
Try raising var.PIVEC_MIN, var.RATE_MIN, var.BRLEN_MIN, or var.GAMMA_SHAPE_MIN?
p4_partLogLike()  aTree->root->cl[pNum 0][rate 1][symb 3][seqPos 52]  -5.88222e-47
Try raising var.PIVEC_MIN, var.RATE_MIN, var.BRLEN_MIN, or var.GAMMA_SHAPE_MIN?
p4_partLogLike()  aTree->root->cl[pNum 0][rate 2][symb 3][seqPos 52]  -7.03674e-47
Try raising var.PIVEC_MIN, var.RATE_MIN, var.BRLEN_MIN, or var.GAMMA_SHAPE_MIN?
p4_partLogLike()  aTree->root->cl[pNum 0][rate 3][symb 3][seqPos 52]  -8.95156e-47
Try raising var.PIVEC_MIN, var.RATE_MIN, var.BRLEN_MIN, or var.GAMMA_SHAPE_MIN?
p4_partLogLike()  aTree->root->cl[pNum 0][rate 0][symb 3][seqPos 55]  -1.97175e-62
Try raising var.PIVEC_MIN, var.RATE_MIN, var.BRLEN_MIN, or var.GAMMA_SHAPE_MIN?
p4_partLogLike()  aTree->root->cl[pNum 0][rate 1][symb 3][seqPos 55]  -2.45137e-62
Try raising var.PIVEC_MIN, var.RATE_MIN, var.BRLEN_MIN, or var.GAMMA_SHAPE_MIN?
p4_partLogLike()  aTree->root->cl[pNum 0][rate 2][symb 3][seqPos 55]  -2.80837e-62
Try raising var.PIVEC_MIN, var.RATE_MIN, var.BRLEN_MIN, or var.GAMMA_SHAPE_MIN?
p4_partLogLike()  aTree->root->cl[pNum 0][rate 3][symb 3][seqPos 55]  -3.36036e-62
Try raising var.PIVEC_MIN, var.RATE_MIN, var.BRLEN_MIN, or var.GAMMA_SHAPE_MIN?
p4_partLogLike()  aTree->root->cl[pNum 0][rate 0][symb 0][seqPos 56]  -1.15751e-46
Try raising var.PIVEC_MIN, var.RATE_MIN, var.BRLEN_MIN, or var.GAMMA_SHAPE_MIN?
p4_partLogLike()  aTree->root->cl[pNum 0][rate 0][symb 1][seqPos 56]  -1.20176e-47
Try raising var.PIVEC_MIN, var.RATE_MIN, var.BRLEN_MIN, or var.GAMMA_SHAPE_MIN?
p4_partLogLike()  aTree->root->cl[pNum 0][rate 0][symb 2][seqPos 56]  -2.19944e-46
Try raising var.PIVEC_MIN, var.RATE_MIN, var.BRLEN_MIN, or var.GAMMA_SHAPE_MIN?
p4_partLogLike()  aTree->root->cl[pNum 0][rate 0][symb 3][seqPos 56]  -2.0226e-72
Try raising var.PIVEC_MIN, var.RATE_MIN, var.BRLEN_MIN, or var.GAMMA_SHAPE_MIN?
p4_partLogLike()  aTree->root->cl[pNum 0][rate 1][symb 0][seqPos 56]  -1.6575e-46
Try raising var.PIVEC_MIN, var.RATE_MIN, var.BRLEN_MIN, or var.GAMMA_SHAPE_MIN?
p4_partLogLike()  aTree->root->cl[pNum 0][rate 1][symb 1][seqPos 56]  -1.84462e-47
Try raising var.PIVEC_MIN, var.RATE_MIN, var.BRLEN_MIN, or var.GAMMA_SHAPE_MIN?
p4_partLogLike()  aTree->root->cl[pNum 0][rate 1][symb 2][seqPos 56]  -3.03245e-46
Try raising var.PIVEC_MIN, var.RATE_MIN, var.BRLEN_MIN, or var.GAMMA_SHAPE_MIN?
p4_partLogLike()  aTree->root->cl[pNum 0][rate 1][symb 3][seqPos 56]  -2.98223e-72
Try raising var.PIVEC_MIN, var.RATE_MIN, var.BRLEN_MIN, or var.GAMMA_SHAPE_MIN?
p4_partLogLike()  aTree->root->cl[pNum 0][rate 2][symb 0][seqPos 56]  -2.08469e-46
Try raising var.PIVEC_MIN, var.RATE_MIN, var.BRLEN_MIN, or var.GAMMA_SHAPE_MIN?
p4_partLogLike()  aTree->root->cl[pNum 0][rate 2][symb 1][seqPos 56]  -2.44268e-47
Try raising var.PIVEC_MIN, var.RATE_MIN, var.BRLEN_MIN, or var.GAMMA_SHAPE_MIN?
p4_partLogLike()  aTree->root->cl[pNum 0][rate 2][symb 2][seqPos 56]  -3.72787e-46
Try raising var.PIVEC_MIN, var.RATE_MIN, var.BRLEN_MIN, or var.GAMMA_SHAPE_MIN?
p4_partLogLike()  aTree->root->cl[pNum 0][rate 2][symb 3][seqPos 56]  -3.82905e-72
Try raising var.PIVEC_MIN, var.RATE_MIN, var.BRLEN_MIN, or var.GAMMA_SHAPE_MIN?
p4_partLogLike()  aTree->root->cl[pNum 0][rate 3][symb 0][seqPos 56]  -2.86889e-46
Try raising var.PIVEC_MIN, var.RATE_MIN, var.BRLEN_MIN, or var.GAMMA_SHAPE_MIN?
p4_partLogLike()  aTree->root->cl[pNum 0][rate 3][symb 1][seqPos 56]  -3.6153e-47
Try raising var.PIVEC_MIN, var.RATE_MIN, var.BRLEN_MIN, or var.GAMMA_SHAPE_MIN?
p4_partLogLike()  aTree->root->cl[pNum 0][rate 3][symb 2][seqPos 56]  -4.93622e-46
Try raising var.PIVEC_MIN, var.RATE_MIN, var.BRLEN_MIN, or var.GAMMA_SHAPE_MIN?
p4_partLogLike()  aTree->root->cl[pNum 0][rate 3][symb 3][seqPos 56]  -5.38207e-72
Try raising var.PIVEC_MIN, var.RATE_MIN, var.BRLEN_MIN, or var.GAMMA_SHAPE_MIN?
p4_partLogLike()  aTree->root->cl[pNum 0][rate 0][symb 3][seqPos 58]  -4.49383e-61
Try raising var.PIVEC_MIN, var.RATE_MIN, var.BRLEN_MIN, or var.GAMMA_SHAPE_MIN?
p4_partLogLike()  aTree->root->cl[pNum 0][rate 1][symb 3][seqPos 58]  -7.30838e-61
Try raising var.PIVEC_MIN, var.RATE_MIN, var.BRLEN_MIN, or var.GAMMA_SHAPE_MIN?
p4_partLogLike()  aTree->root->cl[pNum 0][rate 2][symb 3][seqPos 58]  -1.00388e-60
Try raising var.PIVEC_MIN, var.RATE_MIN, var.BRLEN_MIN, or var.GAMMA_SHAPE_MIN?
p4_partLogLike()  aTree->root->cl[pNum 0][rate 3][symb 3][seqPos 58]  -1.55777e-60
Try raising var.PIVEC_MIN, var.RATE_MIN, var.BRLEN_MIN, or var.GAMMA_SHAPE_MIN?
p4_partLogLike()  aTree->root->cl[pNum 0][rate 0][symb 3][seqPos 59]  -2.42757e-86
Try raising var.PIVEC_MIN, var.RATE_MIN, var.BRLEN_MIN, or var.GAMMA_SHAPE_MIN?
p4_partLogLike()  aTree->root->cl[pNum 0][rate 1][symb 3][seqPos 59]  -2.84542e-86
Try raising var.PIVEC_MIN, var.RATE_MIN, var.BRLEN_MIN, or var.GAMMA_SHAPE_MIN?
p4_partLogLike()  aTree->root->cl[pNum 0][rate 2][symb 3][seqPos 59]  -3.14081e-86
Try raising var.PIVEC_MIN, var.RATE_MIN, var.BRLEN_MIN, or var.GAMMA_SHAPE_MIN?
p4_partLogLike()  aTree->root->cl[pNum 0][rate 3][symb 3][seqPos 59]  -3.59235e-86
Try raising var.PIVEC_MIN, var.RATE_MIN, var.BRLEN_MIN, or var.GAMMA_SHAPE_MIN?
p4_partLogLike()  aTree->root->cl[pNum 0][rate 0][symb 3][seqPos 61]  -4.47728e-45
Try raising var.PIVEC_MIN, var.RATE_MIN, var.BRLEN_MIN, or var.GAMMA_SHAPE_MIN?
p4_partLogLike()  aTree->root->cl[pNum 0][rate 1][symb 3][seqPos 61]  -4.98043e-45
Try raising var.PIVEC_MIN, var.RATE_MIN, var.BRLEN_MIN, or var.GAMMA_SHAPE_MIN?
p4_partLogLike()  aTree->root->cl[pNum 0][rate 2][symb 3][seqPos 61]  -5.29205e-45
Try raising var.PIVEC_MIN, var.RATE_MIN, var.BRLEN_MIN, or var.GAMMA_SHAPE_MIN?
p4_partLogLike()  aTree->root->cl[pNum 0][rate 3][symb 3][seqPos 61]  -5.67872e-45
Try raising var.PIVEC_MIN, var.RATE_MIN, var.BRLEN_MIN, or var.GAMMA_SHAPE_MIN?
p4_partLogLike()  aTree->root->cl[pNum 0][rate 0][symb 0][seqPos 62]  -6.08984e-85
Try raising var.PIVEC_MIN, var.RATE_MIN, var.BRLEN_MIN, or var.GAMMA_SHAPE_MIN?
p4_partLogLike()  aTree->root->cl[pNum 0][rate 0][symb 1][seqPos 62]  -1.22109e-84
Try raising var.PIVEC_MIN, var.RATE_MIN, var.BRLEN_MIN, or var.GAMMA_SHAPE_MIN?
p4_partLogLike()  aTree->root->cl[pNum 0][rate 0][symb 2][seqPos 62]  -5.46652e-85
Try raising var.PIVEC_MIN, var.RATE_MIN, var.BRLEN_MIN, or var.GAMMA_SHAPE_MIN?
p4_partLogLike()  aTree->root->cl[pNum 0][rate 1][symb 0][seqPos 62]  -8.24052e-85
Try raising var.PIVEC_MIN, var.RATE_MIN, var.BRLEN_MIN, or var.GAMMA_SHAPE_MIN?
p4_partLogLike()  aTree->root->cl[pNum 0][rate 1][symb 1][seqPos 62]  -1.63955e-84
Try raising var.PIVEC_MIN, var.RATE_MIN, var.BRLEN_MIN, or var.GAMMA_SHAPE_MIN?
p4_partLogLike()  aTree->root->cl[pNum 0][rate 1][symb 2][seqPos 62]  -7.65859e-85
Try raising var.PIVEC_MIN, var.RATE_MIN, var.BRLEN_MIN, or var.GAMMA_SHAPE_MIN?
p4_partLogLike()  aTree->root->cl[pNum 0][rate 2][symb 0][seqPos 62]  -1.01854e-84
Try raising var.PIVEC_MIN, var.RATE_MIN, var.BRLEN_MIN, or var.GAMMA_SHAPE_MIN?
p4_partLogLike()  aTree->root->cl[pNum 0][rate 2][symb 1][seqPos 62]  -1.9358e-84
Try raising var.PIVEC_MIN, var.RATE_MIN, var.BRLEN_MIN, or var.GAMMA_SHAPE_MIN?
p4_partLogLike()  aTree->root->cl[pNum 0][rate 2][symb 2][seqPos 62]  -9.74451e-85
Try raising var.PIVEC_MIN, var.RATE_MIN, var.BRLEN_MIN, or var.GAMMA_SHAPE_MIN?
p4_partLogLike()  aTree->root->cl[pNum 0][rate 3][symb 0][seqPos 62]  -1.20468e-84
Try raising var.PIVEC_MIN, var.RATE_MIN, var.BRLEN_MIN, or var.GAMMA_SHAPE_MIN?
p4_partLogLike()  aTree->root->cl[pNum 0][rate 3][symb 1][seqPos 62]  -2.21644e-84
Try raising var.PIVEC_MIN, var.RATE_MIN, var.BRLEN_MIN, or var.GAMMA_SHAPE_MIN?
p4_partLogLike()  aTree->root->cl[pNum 0][rate 3][symb 2][seqPos 62]  -1.16663e-84
Try raising var.PIVEC_MIN, var.RATE_MIN, var.BRLEN_MIN, or var.GAMMA_SHAPE_MIN?
p4_partLogLike()  aTree->root->cl[pNum 0][rate 0][symb 3][seqPos 64]  -5.71152e-48
Try raising var.PIVEC_MIN, var.RATE_MIN, var.BRLEN_MIN, or var.GAMMA_SHAPE_MIN?
p4_partLogLike()  aTree->root->cl[pNum 0][rate 1][symb 3][seqPos 64]  -8.67458e-48
Try raising var.PIVEC_MIN, var.RATE_MIN, var.BRLEN_MIN, or var.GAMMA_SHAPE_MIN?
p4_partLogLike()  aTree->root->cl[pNum 0][rate 2][symb 3][seqPos 64]  -1.13947e-47
Try raising var.PIVEC_MIN, var.RATE_MIN, var.BRLEN_MIN, or var.GAMMA_SHAPE_MIN?
p4_partLogLike()  aTree->root->cl[pNum 0][rate 3][symb 3][seqPos 64]  -1.66132e-47
Try raising var.PIVEC_MIN, var.RATE_MIN, var.BRLEN_MIN, or var.GAMMA_SHAPE_MIN?
p4_partLogLike()  aTree->root->cl[pNum 0][rate 0][symb 3][seqPos 67]  -9.16797e-76
Try raising var.PIVEC_MIN, var.RATE_MIN, var.BRLEN_MIN, or var.GAMMA_SHAPE_MIN?
p4_partLogLike()  aTree->root->cl[pNum 0][rate 1][symb 3][seqPos 67]  -2.72961e-76
Try raising var.PIVEC_MIN, var.RATE_MIN, var.BRLEN_MIN, or var.GAMMA_SHAPE_MIN?
p4_partLogLike()  aTree->root->cl[pNum 0][rate 0][symb 0][seqPos 68]  -7.87107e-108
Try raising var.PIVEC_MIN, var.RATE_MIN, var.BRLEN_MIN, or var.GAMMA_SHAPE_MIN?
p4_partLogLike()  aTree->root->cl[pNum 0][rate 0][symb 1][seqPos 68]  -1.46625e-106
Try raising var.PIVEC_MIN, var.RATE_MIN, var.BRLEN_MIN, or var.GAMMA_SHAPE_MIN?
p4_partLogLike()  aTree->root->cl[pNum 0][rate 0][symb 2][seqPos 68]  -1.86314e-107
Try raising var.PIVEC_MIN, var.RATE_MIN, var.BRLEN_MIN, or var.GAMMA_SHAPE_MIN?
p4_partLogLike()  aTree->root->cl[pNum 0][rate 1][symb 0][seqPos 68]  -1.18649e-107
Try raising var.PIVEC_MIN, var.RATE_MIN, var.BRLEN_MIN, or var.GAMMA_SHAPE_MIN?
p4_partLogLike()  aTree->root->cl[pNum 0][rate 1][symb 1][seqPos 68]  -2.02301e-106
Try raising var.PIVEC_MIN, var.RATE_MIN, var.BRLEN_MIN, or var.GAMMA_SHAPE_MIN?
p4_partLogLike()  aTree->root->cl[pNum 0][rate 1][symb 2][seqPos 68]  -2.77886e-107
Try raising var.PIVEC_MIN, var.RATE_MIN, var.BRLEN_MIN, or var.GAMMA_SHAPE_MIN?
p4_partLogLike()  aTree->root->cl[pNum 0][rate 2][symb 0][seqPos 68]  -1.56631e-107
Try raising var.PIVEC_MIN, var.RATE_MIN, var.BRLEN_MIN, or var.GAMMA_SHAPE_MIN?
p4_partLogLike()  aTree->root->cl[pNum 0][rate 2][symb 1][seqPos 68]  -2.51115e-106
Try raising var.PIVEC_MIN, var.RATE_MIN, var.BRLEN_MIN, or var.GAMMA_SHAPE_MIN?
p4_partLogLike()  aTree->root->cl[pNum 0][rate 2][symb 2][seqPos 68]  -3.63392e-107
Try raising var.PIVEC_MIN, var.RATE_MIN, var.BRLEN_MIN, or var.GAMMA_SHAPE_MIN?
p4_partLogLike()  aTree->root->cl[pNum 0][rate 3][symb 0][seqPos 68]  -2.32592e-107
Try raising var.PIVEC_MIN, var.RATE_MIN, var.BRLEN_MIN, or var.GAMMA_SHAPE_MIN?
p4_partLogLike()  aTree->root->cl[pNum 0][rate 3][symb 1][seqPos 68]  -3.41559e-106
Try raising var.PIVEC_MIN, var.RATE_MIN, var.BRLEN_MIN, or var.GAMMA_SHAPE_MIN?
p4_partLogLike()  aTree->root->cl[pNum 0][rate 3][symb 2][seqPos 68]  -5.32515e-107
Try raising var.PIVEC_MIN, var.RATE_MIN, var.BRLEN_MIN, or var.GAMMA_SHAPE_MIN?
p4_partLogLike()  aTree->root->cl[pNum 0][rate 0][symb 0][seqPos 69]  -4.97033e-106
Try raising var.PIVEC_MIN, var.RATE_MIN, var.BRLEN_MIN, or var.GAMMA_SHAPE_MIN?
p4_partLogLike()  aTree->root->cl[pNum 0][rate 0][symb 1][seqPos 69]  -1.19079e-105
Try raising var.PIVEC_MIN, var.RATE_MIN, var.BRLEN_MIN, or var.GAMMA_SHAPE_MIN?
p4_partLogLike()  aTree->root->cl[pNum 0][rate 0][symb 2][seqPos 69]  -1.41622e-105
Try raising var.PIVEC_MIN, var.RATE_MIN, var.BRLEN_MIN, or var.GAMMA_SHAPE_MIN?
p4_partLogLike()  aTree->root->cl[pNum 0][rate 0][symb 3][seqPos 69]  -9.16184e-27
Try raising var.PIVEC_MIN, var.RATE_MIN, var.BRLEN_MIN, or var.GAMMA_SHAPE_MIN?
p4_partLogLike()  aTree->root->cl[pNum 0][rate 1][symb 0][seqPos 69]  -7.37881e-106
Try raising var.PIVEC_MIN, var.RATE_MIN, var.BRLEN_MIN, or var.GAMMA_SHAPE_MIN?
p4_partLogLike()  aTree->root->cl[pNum 0][rate 1][symb 1][seqPos 69]  -1.75735e-105
Try raising var.PIVEC_MIN, var.RATE_MIN, var.BRLEN_MIN, or var.GAMMA_SHAPE_MIN?
p4_partLogLike()  aTree->root->cl[pNum 0][rate 1][symb 2][seqPos 69]  -2.08125e-105
Try raising var.PIVEC_MIN, var.RATE_MIN, var.BRLEN_MIN, or var.GAMMA_SHAPE_MIN?
p4_partLogLike()  aTree->root->cl[pNum 0][rate 1][symb 3][seqPos 69]  -1.07009e-26
Try raising var.PIVEC_MIN, var.RATE_MIN, var.BRLEN_MIN, or var.GAMMA_SHAPE_MIN?
p4_partLogLike()  aTree->root->cl[pNum 0][rate 2][symb 0][seqPos 69]  -9.66456e-106
Try raising var.PIVEC_MIN, var.RATE_MIN, var.BRLEN_MIN, or var.GAMMA_SHAPE_MIN?
p4_partLogLike()  aTree->root->cl[pNum 0][rate 2][symb 1][seqPos 69]  -2.28796e-105
Try raising var.PIVEC_MIN, var.RATE_MIN, var.BRLEN_MIN, or var.GAMMA_SHAPE_MIN?
p4_partLogLike()  aTree->root->cl[pNum 0][rate 2][symb 2][seqPos 69]  -2.70391e-105
Try raising var.PIVEC_MIN, var.RATE_MIN, var.BRLEN_MIN, or var.GAMMA_SHAPE_MIN?
p4_partLogLike()  aTree->root->cl[pNum 0][rate 2][symb 3][seqPos 69]  -1.18796e-26
Try raising var.PIVEC_MIN, var.RATE_MIN, var.BRLEN_MIN, or var.GAMMA_SHAPE_MIN?
p4_partLogLike()  aTree->root->cl[pNum 0][rate 3][symb 0][seqPos 69]  -1.42861e-105
Try raising var.PIVEC_MIN, var.RATE_MIN, var.BRLEN_MIN, or var.GAMMA_SHAPE_MIN?
p4_partLogLike()  aTree->root->cl[pNum 0][rate 3][symb 1][seqPos 69]  -3.35332e-105
Try raising var.PIVEC_MIN, var.RATE_MIN, var.BRLEN_MIN, or var.GAMMA_SHAPE_MIN?
p4_partLogLike()  aTree->root->cl[pNum 0][rate 3][symb 2][seqPos 69]  -3.94437e-105
Try raising var.PIVEC_MIN, var.RATE_MIN, var.BRLEN_MIN, or var.GAMMA_SHAPE_MIN?
p4_partLogLike()  aTree->root->cl[pNum 0][rate 3][symb 3][seqPos 69]  -1.37993e-26
Try raising var.PIVEC_MIN, var.RATE_MIN, var.BRLEN_MIN, or var.GAMMA_SHAPE_MIN?
p4_partLogLike()  aTree->root->cl[pNum 0][rate 0][symb 3][seqPos 70]  -1.37117e-69
Try raising var.PIVEC_MIN, var.RATE_MIN, var.BRLEN_MIN, or var.GAMMA_SHAPE_MIN?
p4_partLogLike()  aTree->root->cl[pNum 0][rate 1][symb 3][seqPos 70]  -1.9809e-69
Try raising var.PIVEC_MIN, var.RATE_MIN, var.BRLEN_MIN, or var.GAMMA_SHAPE_MIN?
p4_partLogLike()  aTree->root->cl[pNum 0][rate 2][symb 3][seqPos 70]  -2.52891e-69
Try raising var.PIVEC_MIN, var.RATE_MIN, var.BRLEN_MIN, or var.GAMMA_SHAPE_MIN?
p4_partLogLike()  aTree->root->cl[pNum 0][rate 3][symb 3][seqPos 70]  -3.56737e-69
Try raising var.PIVEC_MIN, var.RATE_MIN, var.BRLEN_MIN, or var.GAMMA_SHAPE_MIN?
p4_partLogLike()  aTree->root->cl[pNum 0][rate 0][symb 3][seqPos 71]  -7.2653e-95
Try raising var.PIVEC_MIN, var.RATE_MIN, var.BRLEN_MIN, or var.GAMMA_SHAPE_MIN?
p4_partLogLike()  aTree->root->cl[pNum 0][rate 1][symb 3][seqPos 71]  -8.85379e-95
Try raising var.PIVEC_MIN, var.RATE_MIN, var.BRLEN_MIN, or var.GAMMA_SHAPE_MIN?
p4_partLogLike()  aTree->root->cl[pNum 0][rate 2][symb 3][seqPos 71]  -1.00013e-94
Try raising var.PIVEC_MIN, var.RATE_MIN, var.BRLEN_MIN, or var.GAMMA_SHAPE_MIN?
p4_partLogLike()  aTree->root->cl[pNum 0][rate 3][symb 3][seqPos 71]  -1.17219e-94
Try raising var.PIVEC_MIN, var.RATE_MIN, var.BRLEN_MIN, or var.GAMMA_SHAPE_MIN?
p4_partLogLike()  aTree->root->cl[pNum 0][rate 0][symb 3][seqPos 73]  -2.07463e-46
Try raising var.PIVEC_MIN, var.RATE_MIN, var.BRLEN_MIN, or var.GAMMA_SHAPE_MIN?
p4_partLogLike()  aTree->root->cl[pNum 0][rate 1][symb 3][seqPos 73]  -2.1069e-46
Try raising var.PIVEC_MIN, var.RATE_MIN, var.BRLEN_MIN, or var.GAMMA_SHAPE_MIN?
p4_partLogLike()  aTree->root->cl[pNum 0][rate 2][symb 3][seqPos 73]  -2.05492e-46
Try raising var.PIVEC_MIN, var.RATE_MIN, var.BRLEN_MIN, or var.GAMMA_SHAPE_MIN?
p4_partLogLike()  aTree->root->cl[pNum 0][rate 3][symb 3][seqPos 73]  -1.8521e-46
Try raising var.PIVEC_MIN, var.RATE_MIN, var.BRLEN_MIN, or var.GAMMA_SHAPE_MIN?
p4_partLogLike()  aTree->root->cl[pNum 0][rate 0][symb 0][seqPos 75]  -3.15458e-134
Try raising var.PIVEC_MIN, var.RATE_MIN, var.BRLEN_MIN, or var.GAMMA_SHAPE_MIN?
p4_partLogLike()  aTree->root->cl[pNum 0][rate 0][symb 1][seqPos 75]  -6.86906e-133
Try raising var.PIVEC_MIN, var.RATE_MIN, var.BRLEN_MIN, or var.GAMMA_SHAPE_MIN?
p4_partLogLike()  aTree->root->cl[pNum 0][rate 0][symb 2][seqPos 75]  -7.61551e-134
Try raising var.PIVEC_MIN, var.RATE_MIN, var.BRLEN_MIN, or var.GAMMA_SHAPE_MIN?
p4_partLogLike()  aTree->root->cl[pNum 0][rate 1][symb 0][seqPos 75]  -5.73107e-134
Try raising var.PIVEC_MIN, var.RATE_MIN, var.BRLEN_MIN, or var.GAMMA_SHAPE_MIN?
p4_partLogLike()  aTree->root->cl[pNum 0][rate 1][symb 1][seqPos 75]  -1.14047e-132
Try raising var.PIVEC_MIN, var.RATE_MIN, var.BRLEN_MIN, or var.GAMMA_SHAPE_MIN?
p4_partLogLike()  aTree->root->cl[pNum 0][rate 1][symb 2][seqPos 75]  -1.36472e-133
Try raising var.PIVEC_MIN, var.RATE_MIN, var.BRLEN_MIN, or var.GAMMA_SHAPE_MIN?
p4_partLogLike()  aTree->root->cl[pNum 0][rate 2][symb 0][seqPos 75]  -8.60563e-134
Try raising var.PIVEC_MIN, var.RATE_MIN, var.BRLEN_MIN, or var.GAMMA_SHAPE_MIN?
p4_partLogLike()  aTree->root->cl[pNum 0][rate 2][symb 1][seqPos 75]  -1.61022e-132
Try raising var.PIVEC_MIN, var.RATE_MIN, var.BRLEN_MIN, or var.GAMMA_SHAPE_MIN?
p4_partLogLike()  aTree->root->cl[pNum 0][rate 2][symb 2][seqPos 75]  -2.02786e-133
Try raising var.PIVEC_MIN, var.RATE_MIN, var.BRLEN_MIN, or var.GAMMA_SHAPE_MIN?
p4_partLogLike()  aTree->root->cl[pNum 0][rate 3][symb 0][seqPos 75]  -1.5423e-133
Try raising var.PIVEC_MIN, var.RATE_MIN, var.BRLEN_MIN, or var.GAMMA_SHAPE_MIN?
p4_partLogLike()  aTree->root->cl[pNum 0][rate 3][symb 1][seqPos 75]  -2.64271e-132
Try raising var.PIVEC_MIN, var.RATE_MIN, var.BRLEN_MIN, or var.GAMMA_SHAPE_MIN?
p4_partLogLike()  aTree->root->cl[pNum 0][rate 3][symb 2][seqPos 75]  -3.58188e-133
Try raising var.PIVEC_MIN, var.RATE_MIN, var.BRLEN_MIN, or var.GAMMA_SHAPE_MIN?
p4_partLogLike()  aTree->root->cl[pNum 0][rate 0][symb 3][seqPos 78]  -8.3209e-71
Try raising var.PIVEC_MIN, var.RATE_MIN, var.BRLEN_MIN, or var.GAMMA_SHAPE_MIN?
p4_partLogLike()  aTree->root->cl[pNum 0][rate 1][symb 3][seqPos 78]  -1.27306e-70
Try raising var.PIVEC_MIN, var.RATE_MIN, var.BRLEN_MIN, or var.GAMMA_SHAPE_MIN?
p4_partLogLike()  aTree->root->cl[pNum 0][rate 2][symb 3][seqPos 78]  -1.68213e-70
Try raising var.PIVEC_MIN, var.RATE_MIN, var.BRLEN_MIN, or var.GAMMA_SHAPE_MIN?
p4_partLogLike()  aTree->root->cl[pNum 0][rate 3][symb 3][seqPos 78]  -2.47569e-70
Try raising var.PIVEC_MIN, var.RATE_MIN, var.BRLEN_MIN, or var.GAMMA_SHAPE_MIN?
p4_partLogLike()  aTree->root->cl[pNum 0][rate 0][symb 3][seqPos 80]  -4.14177e-72
Try raising var.PIVEC_MIN, var.RATE_MIN, var.BRLEN_MIN, or var.GAMMA_SHAPE_MIN?
p4_partLogLike()  aTree->root->cl[pNum 0][rate 1][symb 3][seqPos 80]  -4.32426e-72
Try raising var.PIVEC_MIN, var.RATE_MIN, var.BRLEN_MIN, or var.GAMMA_SHAPE_MIN?
p4_partLogLike()  aTree->root->cl[pNum 0][rate 2][symb 3][seqPos 80]  -4.39644e-72
Try raising var.PIVEC_MIN, var.RATE_MIN, var.BRLEN_MIN, or var.GAMMA_SHAPE_MIN?
p4_partLogLike()  aTree->root->cl[pNum 0][rate 3][symb 3][seqPos 80]  -4.43797e-72
Try raising var.PIVEC_MIN, var.RATE_MIN, var.BRLEN_MIN, or var.GAMMA_SHAPE_MIN?
p4_partLogLike()  aTree->root->cl[pNum 0][rate 0][symb 3][seqPos 81]  -1.63737e-56
Try raising var.PIVEC_MIN, var.RATE_MIN, var.BRLEN_MIN, or var.GAMMA_SHAPE_MIN?
p4_partLogLike()  aTree->root->cl[pNum 0][rate 1][symb 3][seqPos 81]  -2.29228e-56
Try raising var.PIVEC_MIN, var.RATE_MIN, var.BRLEN_MIN, or var.GAMMA_SHAPE_MIN?
p4_partLogLike()  aTree->root->cl[pNum 0][rate 2][symb 3][seqPos 81]  -2.8531e-56
Try raising var.PIVEC_MIN, var.RATE_MIN, var.BRLEN_MIN, or var.GAMMA_SHAPE_MIN?
p4_partLogLike()  aTree->root->cl[pNum 0][rate 3][symb 3][seqPos 81]  -3.85739e-56
Try raising var.PIVEC_MIN, var.RATE_MIN, var.BRLEN_MIN, or var.GAMMA_SHAPE_MIN?
p4_partLogLike()  aTree->root->cl[pNum 0][rate 0][symb 0][seqPos 82]  -2.01942e-134
Try raising var.PIVEC_MIN, var.RATE_MIN, var.BRLEN_MIN, or var.GAMMA_SHAPE_MIN?
p4_partLogLike()  aTree->root->cl[pNum 0][rate 0][symb 1][seqPos 82]  -1.14076e-132
Try raising var.PIVEC_MIN, var.RATE_MIN, var.BRLEN_MIN, or var.GAMMA_SHAPE_MIN?
p4_partLogLike()  aTree->root->cl[pNum 0][rate 0][symb 2][seqPos 82]  -4.02501e-134
Try raising var.PIVEC_MIN, var.RATE_MIN, var.BRLEN_MIN, or var.GAMMA_SHAPE_MIN?
p4_partLogLike()  aTree->root->cl[pNum 0][rate 1][symb 0][seqPos 82]  -3.85268e-134
Try raising var.PIVEC_MIN, var.RATE_MIN, var.BRLEN_MIN, or var.GAMMA_SHAPE_MIN?
p4_partLogLike()  aTree->root->cl[pNum 0][rate 1][symb 1][seqPos 82]  -1.96734e-132
Try raising var.PIVEC_MIN, var.RATE_MIN, var.BRLEN_MIN, or var.GAMMA_SHAPE_MIN?
p4_partLogLike()  aTree->root->cl[pNum 0][rate 1][symb 2][seqPos 82]  -7.61999e-134
Try raising var.PIVEC_MIN, var.RATE_MIN, var.BRLEN_MIN, or var.GAMMA_SHAPE_MIN?
p4_partLogLike()  aTree->root->cl[pNum 0][rate 2][symb 0][seqPos 82]  -5.96196e-134
Try raising var.PIVEC_MIN, var.RATE_MIN, var.BRLEN_MIN, or var.GAMMA_SHAPE_MIN?
p4_partLogLike()  aTree->root->cl[pNum 0][rate 2][symb 1][seqPos 82]  -2.83883e-132
Try raising var.PIVEC_MIN, var.RATE_MIN, var.BRLEN_MIN, or var.GAMMA_SHAPE_MIN?
p4_partLogLike()  aTree->root->cl[pNum 0][rate 2][symb 2][seqPos 82]  -1.17163e-133
Try raising var.PIVEC_MIN, var.RATE_MIN, var.BRLEN_MIN, or var.GAMMA_SHAPE_MIN?
p4_partLogLike()  aTree->root->cl[pNum 0][rate 3][symb 0][seqPos 82]  -1.11412e-133
Try raising var.PIVEC_MIN, var.RATE_MIN, var.BRLEN_MIN, or var.GAMMA_SHAPE_MIN?
p4_partLogLike()  aTree->root->cl[pNum 0][rate 3][symb 1][seqPos 82]  -4.79554e-132
Try raising var.PIVEC_MIN, var.RATE_MIN, var.BRLEN_MIN, or var.GAMMA_SHAPE_MIN?
p4_partLogLike()  aTree->root->cl[pNum 0][rate 3][symb 2][seqPos 82]  -2.16962e-133
Try raising var.PIVEC_MIN, var.RATE_MIN, var.BRLEN_MIN, or var.GAMMA_SHAPE_MIN?
p4_partLogLike()  aTree->root->cl[pNum 0][rate 0][symb 0][seqPos 83]  -1.35872e-121
Try raising var.PIVEC_MIN, var.RATE_MIN, var.BRLEN_MIN, or var.GAMMA_SHAPE_MIN?
p4_partLogLike()  aTree->root->cl[pNum 0][rate 0][symb 1][seqPos 83]  -5.34162e-123
Try raising var.PIVEC_MIN, var.RATE_MIN, var.BRLEN_MIN, or var.GAMMA_SHAPE_MIN?
p4_partLogLike()  aTree->root->cl[pNum 0][rate 0][symb 2][seqPos 83]  -1.8789e-122
Try raising var.PIVEC_MIN, var.RATE_MIN, var.BRLEN_MIN, or var.GAMMA_SHAPE_MIN?
p4_partLogLike()  aTree->root->cl[pNum 0][rate 0][symb 3][seqPos 83]  -5.19108e-83
Try raising var.PIVEC_MIN, var.RATE_MIN, var.BRLEN_MIN, or var.GAMMA_SHAPE_MIN?
p4_partLogLike()  aTree->root->cl[pNum 0][rate 1][symb 0][seqPos 83]  -2.19615e-121
Try raising var.PIVEC_MIN, var.RATE_MIN, var.BRLEN_MIN, or var.GAMMA_SHAPE_MIN?
p4_partLogLike()  aTree->root->cl[pNum 0][rate 1][symb 1][seqPos 83]  -9.56278e-123
Try raising var.PIVEC_MIN, var.RATE_MIN, var.BRLEN_MIN, or var.GAMMA_SHAPE_MIN?
p4_partLogLike()  aTree->root->cl[pNum 0][rate 1][symb 2][seqPos 83]  -3.35823e-122
Try raising var.PIVEC_MIN, var.RATE_MIN, var.BRLEN_MIN, or var.GAMMA_SHAPE_MIN?
p4_partLogLike()  aTree->root->cl[pNum 0][rate 1][symb 3][seqPos 83]  -7.92363e-83
Try raising var.PIVEC_MIN, var.RATE_MIN, var.BRLEN_MIN, or var.GAMMA_SHAPE_MIN?
p4_partLogLike()  aTree->root->cl[pNum 0][rate 2][symb 0][seqPos 83]  -3.0287e-121
Try raising var.PIVEC_MIN, var.RATE_MIN, var.BRLEN_MIN, or var.GAMMA_SHAPE_MIN?
p4_partLogLike()  aTree->root->cl[pNum 0][rate 2][symb 1][seqPos 83]  -1.41413e-122
Try raising var.PIVEC_MIN, var.RATE_MIN, var.BRLEN_MIN, or var.GAMMA_SHAPE_MIN?
p4_partLogLike()  aTree->root->cl[pNum 0][rate 2][symb 2][seqPos 83]  -4.95562e-122
Try raising var.PIVEC_MIN, var.RATE_MIN, var.BRLEN_MIN, or var.GAMMA_SHAPE_MIN?
p4_partLogLike()  aTree->root->cl[pNum 0][rate 2][symb 3][seqPos 83]  -1.04921e-82
Try raising var.PIVEC_MIN, var.RATE_MIN, var.BRLEN_MIN, or var.GAMMA_SHAPE_MIN?
p4_partLogLike()  aTree->root->cl[pNum 0][rate 3][symb 0][seqPos 83]  -4.77701e-121
Try raising var.PIVEC_MIN, var.RATE_MIN, var.BRLEN_MIN, or var.GAMMA_SHAPE_MIN?
p4_partLogLike()  aTree->root->cl[pNum 0][rate 3][symb 1][seqPos 83]  -2.47249e-122
Try raising var.PIVEC_MIN, var.RATE_MIN, var.BRLEN_MIN, or var.GAMMA_SHAPE_MIN?
p4_partLogLike()  aTree->root->cl[pNum 0][rate 3][symb 2][seqPos 83]  -8.62844e-122
Try raising var.PIVEC_MIN, var.RATE_MIN, var.BRLEN_MIN, or var.GAMMA_SHAPE_MIN?
p4_partLogLike()  aTree->root->cl[pNum 0][rate 3][symb 3][seqPos 83]  -1.55831e-82
Try raising var.PIVEC_MIN, var.RATE_MIN, var.BRLEN_MIN, or var.GAMMA_SHAPE_MIN?
p4_partLogLike()  aTree->root->cl[pNum 0][rate 0][symb 3][seqPos 85]  -1.09381e-44
Try raising var.PIVEC_MIN, var.RATE_MIN, var.BRLEN_MIN, or var.GAMMA_SHAPE_MIN?
p4_partLogLike()  aTree->root->cl[pNum 0][rate 1][symb 3][seqPos 85]  -1.22445e-44
Try raising var.PIVEC_MIN, var.RATE_MIN, var.BRLEN_MIN, or var.GAMMA_SHAPE_MIN?
p4_partLogLike()  aTree->root->cl[pNum 0][rate 2][symb 3][seqPos 85]  -1.30714e-44
Try raising var.PIVEC_MIN, var.RATE_MIN, var.BRLEN_MIN, or var.GAMMA_SHAPE_MIN?
p4_partLogLike()  aTree->root->cl[pNum 0][rate 3][symb 3][seqPos 85]  -1.4129e-44
Try raising var.PIVEC_MIN, var.RATE_MIN, var.BRLEN_MIN, or var.GAMMA_SHAPE_MIN?
p4_partLogLike()  aTree->root->cl[pNum 0][rate 0][symb 3][seqPos 86]  -7.81959e-74
Try raising var.PIVEC_MIN, var.RATE_MIN, var.BRLEN_MIN, or var.GAMMA_SHAPE_MIN?
p4_partLogLike()  aTree->root->cl[pNum 0][rate 1][symb 3][seqPos 86]  -8.39642e-74
Try raising var.PIVEC_MIN, var.RATE_MIN, var.BRLEN_MIN, or var.GAMMA_SHAPE_MIN?
p4_partLogLike()  aTree->root->cl[pNum 0][rate 2][symb 3][seqPos 86]  -8.68755e-74
Try raising var.PIVEC_MIN, var.RATE_MIN, var.BRLEN_MIN, or var.GAMMA_SHAPE_MIN?
p4_partLogLike()  aTree->root->cl[pNum 0][rate 3][symb 3][seqPos 86]  -8.94761e-74
Try raising var.PIVEC_MIN, var.RATE_MIN, var.BRLEN_MIN, or var.GAMMA_SHAPE_MIN?
p4_partLogLike()  aTree->root->cl[pNum 0][rate 0][symb 0][seqPos 87]  -9.87383e-120
Try raising var.PIVEC_MIN, var.RATE_MIN, var.BRLEN_MIN, or var.GAMMA_SHAPE_MIN?
p4_partLogLike()  aTree->root->cl[pNum 0][rate 0][symb 1][seqPos 87]  -1.94492e-120
Try raising var.PIVEC_MIN, var.RATE_MIN, var.BRLEN_MIN, or var.GAMMA_SHAPE_MIN?
p4_partLogLike()  aTree->root->cl[pNum 0][rate 0][symb 2][seqPos 87]  -5.16978e-120
Try raising var.PIVEC_MIN, var.RATE_MIN, var.BRLEN_MIN, or var.GAMMA_SHAPE_MIN?
p4_partLogLike()  aTree->root->cl[pNum 0][rate 0][symb 3][seqPos 87]  -2.34175e-54
Try raising var.PIVEC_MIN, var.RATE_MIN, var.BRLEN_MIN, or var.GAMMA_SHAPE_MIN?
p4_partLogLike()  aTree->root->cl[pNum 0][rate 1][symb 0][seqPos 87]  -1.50468e-119
Try raising var.PIVEC_MIN, var.RATE_MIN, var.BRLEN_MIN, or var.GAMMA_SHAPE_MIN?
p4_partLogLike()  aTree->root->cl[pNum 0][rate 1][symb 1][seqPos 87]  -3.24066e-120
Try raising var.PIVEC_MIN, var.RATE_MIN, var.BRLEN_MIN, or var.GAMMA_SHAPE_MIN?
p4_partLogLike()  aTree->root->cl[pNum 0][rate 1][symb 2][seqPos 87]  -8.46434e-120
Try raising var.PIVEC_MIN, var.RATE_MIN, var.BRLEN_MIN, or var.GAMMA_SHAPE_MIN?
p4_partLogLike()  aTree->root->cl[pNum 0][rate 1][symb 3][seqPos 87]  -3.11756e-54
Try raising var.PIVEC_MIN, var.RATE_MIN, var.BRLEN_MIN, or var.GAMMA_SHAPE_MIN?
p4_partLogLike()  aTree->root->cl[pNum 0][rate 2][symb 0][seqPos 87]  -1.99947e-119
Try raising var.PIVEC_MIN, var.RATE_MIN, var.BRLEN_MIN, or var.GAMMA_SHAPE_MIN?
p4_partLogLike()  aTree->root->cl[pNum 0][rate 2][symb 1][seqPos 87]  -4.56814e-120
Try raising var.PIVEC_MIN, var.RATE_MIN, var.BRLEN_MIN, or var.GAMMA_SHAPE_MIN?
p4_partLogLike()  aTree->root->cl[pNum 0][rate 2][symb 2][seqPos 87]  -1.17781e-119
Try raising var.PIVEC_MIN, var.RATE_MIN, var.BRLEN_MIN, or var.GAMMA_SHAPE_MIN?
p4_partLogLike()  aTree->root->cl[pNum 0][rate 2][symb 3][seqPos 87]  -3.77704e-54
Try raising var.PIVEC_MIN, var.RATE_MIN, var.BRLEN_MIN, or var.GAMMA_SHAPE_MIN?
p4_partLogLike()  aTree->root->cl[pNum 0][rate 3][symb 0][seqPos 87]  -2.99615e-119
Try raising var.PIVEC_MIN, var.RATE_MIN, var.BRLEN_MIN, or var.GAMMA_SHAPE_MIN?
p4_partLogLike()  aTree->root->cl[pNum 0][rate 3][symb 1][seqPos 87]  -7.45822e-120
Try raising var.PIVEC_MIN, var.RATE_MIN, var.BRLEN_MIN, or var.GAMMA_SHAPE_MIN?
p4_partLogLike()  aTree->root->cl[pNum 0][rate 3][symb 2][seqPos 87]  -1.8855e-119
Try raising var.PIVEC_MIN, var.RATE_MIN, var.BRLEN_MIN, or var.GAMMA_SHAPE_MIN?
p4_partLogLike()  aTree->root->cl[pNum 0][rate 3][symb 3][seqPos 87]  -4.96346e-54
Try raising var.PIVEC_MIN, var.RATE_MIN, var.BRLEN_MIN, or var.GAMMA_SHAPE_MIN?
p4_partLogLike()  aTree->root->cl[pNum 0][rate 0][symb 3][seqPos 90]  -2.31594e-74
Try raising var.PIVEC_MIN, var.RATE_MIN, var.BRLEN_MIN, or var.GAMMA_SHAPE_MIN?
p4_partLogLike()  aTree->root->cl[pNum 0][rate 1][symb 3][seqPos 90]  -3.27545e-74
Try raising var.PIVEC_MIN, var.RATE_MIN, var.BRLEN_MIN, or var.GAMMA_SHAPE_MIN?
p4_partLogLike()  aTree->root->cl[pNum 0][rate 2][symb 3][seqPos 90]  -4.10147e-74
Try raising var.PIVEC_MIN, var.RATE_MIN, var.BRLEN_MIN, or var.GAMMA_SHAPE_MIN?
p4_partLogLike()  aTree->root->cl[pNum 0][rate 3][symb 3][seqPos 90]  -5.57379e-74
Try raising var.PIVEC_MIN, var.RATE_MIN, var.BRLEN_MIN, or var.GAMMA_SHAPE_MIN?
p4_partLogLike()  aTree->root->cl[pNum 0][rate 0][symb 3][seqPos 91]  -2.77345e-85
Try raising var.PIVEC_MIN, var.RATE_MIN, var.BRLEN_MIN, or var.GAMMA_SHAPE_MIN?
p4_partLogLike()  aTree->root->cl[pNum 0][rate 1][symb 3][seqPos 91]  -3.3207e-85
Try raising var.PIVEC_MIN, var.RATE_MIN, var.BRLEN_MIN, or var.GAMMA_SHAPE_MIN?
p4_partLogLike()  aTree->root->cl[pNum 0][rate 2][symb 3][seqPos 91]  -3.72138e-85
Try raising var.PIVEC_MIN, var.RATE_MIN, var.BRLEN_MIN, or var.GAMMA_SHAPE_MIN?
p4_partLogLike()  aTree->root->cl[pNum 0][rate 3][symb 3][seqPos 91]  -4.33672e-85
Try raising var.PIVEC_MIN, var.RATE_MIN, var.BRLEN_MIN, or var.GAMMA_SHAPE_MIN?
p4_partLogLike()  aTree->root->cl[pNum 0][rate 0][symb 3][seqPos 95]  -1.43594e-95
Try raising var.PIVEC_MIN, var.RATE_MIN, var.BRLEN_MIN, or var.GAMMA_SHAPE_MIN?
p4_partLogLike()  aTree->root->cl[pNum 0][rate 1][symb 3][seqPos 95]  -1.98592e-95
Try raising var.PIVEC_MIN, var.RATE_MIN, var.BRLEN_MIN, or var.GAMMA_SHAPE_MIN?
p4_partLogLike()  aTree->root->cl[pNum 0][rate 2][symb 3][seqPos 95]  -2.45291e-95
Try raising var.PIVEC_MIN, var.RATE_MIN, var.BRLEN_MIN, or var.GAMMA_SHAPE_MIN?
p4_partLogLike()  aTree->root->cl[pNum 0][rate 3][symb 3][seqPos 95]  -3.27498e-95
Try raising var.PIVEC_MIN, var.RATE_MIN, var.BRLEN_MIN, or var.GAMMA_SHAPE_MIN?
p4_partLogLike()  aTree->root->cl[pNum 0][rate 0][symb 0][seqPos 96]  -8.95554e-120
Try raising var.PIVEC_MIN, var.RATE_MIN, var.BRLEN_MIN, or var.GAMMA_SHAPE_MIN?
p4_partLogLike()  aTree->root->cl[pNum 0][rate 0][symb 1][seqPos 96]  -2.14556e-119
Try raising var.PIVEC_MIN, var.RATE_MIN, var.BRLEN_MIN, or var.GAMMA_SHAPE_MIN?
p4_partLogLike()  aTree->root->cl[pNum 0][rate 0][symb 2][seqPos 96]  -2.55175e-119
Try raising var.PIVEC_MIN, var.RATE_MIN, var.BRLEN_MIN, or var.GAMMA_SHAPE_MIN?
p4_partLogLike()  aTree->root->cl[pNum 0][rate 0][symb 3][seqPos 96]  -1.65078e-40
Try raising var.PIVEC_MIN, var.RATE_MIN, var.BRLEN_MIN, or var.GAMMA_SHAPE_MIN?
p4_partLogLike()  aTree->root->cl[pNum 0][rate 1][symb 0][seqPos 96]  -1.36571e-119
Try raising var.PIVEC_MIN, var.RATE_MIN, var.BRLEN_MIN, or var.GAMMA_SHAPE_MIN?
p4_partLogLike()  aTree->root->cl[pNum 0][rate 1][symb 1][seqPos 96]  -3.2526e-119
Try raising var.PIVEC_MIN, var.RATE_MIN, var.BRLEN_MIN, or var.GAMMA_SHAPE_MIN?
p4_partLogLike()  aTree->root->cl[pNum 0][rate 1][symb 2][seqPos 96]  -3.85208e-119
Try raising var.PIVEC_MIN, var.RATE_MIN, var.BRLEN_MIN, or var.GAMMA_SHAPE_MIN?
p4_partLogLike()  aTree->root->cl[pNum 0][rate 1][symb 3][seqPos 96]  -1.98057e-40
Try raising var.PIVEC_MIN, var.RATE_MIN, var.BRLEN_MIN, or var.GAMMA_SHAPE_MIN?
p4_partLogLike()  aTree->root->cl[pNum 0][rate 2][symb 0][seqPos 96]  -1.81768e-119
Try raising var.PIVEC_MIN, var.RATE_MIN, var.BRLEN_MIN, or var.GAMMA_SHAPE_MIN?
p4_partLogLike()  aTree->root->cl[pNum 0][rate 2][symb 1][seqPos 96]  -4.30312e-119
Try raising var.PIVEC_MIN, var.RATE_MIN, var.BRLEN_MIN, or var.GAMMA_SHAPE_MIN?
p4_partLogLike()  aTree->root->cl[pNum 0][rate 2][symb 2][seqPos 96]  -5.08543e-119
Try raising var.PIVEC_MIN, var.RATE_MIN, var.BRLEN_MIN, or var.GAMMA_SHAPE_MIN?
p4_partLogLike()  aTree->root->cl[pNum 0][rate 2][symb 3][seqPos 96]  -2.23427e-40
Try raising var.PIVEC_MIN, var.RATE_MIN, var.BRLEN_MIN, or var.GAMMA_SHAPE_MIN?
p4_partLogLike()  aTree->root->cl[pNum 0][rate 3][symb 0][seqPos 96]  -2.7394e-119
Try raising var.PIVEC_MIN, var.RATE_MIN, var.BRLEN_MIN, or var.GAMMA_SHAPE_MIN?
p4_partLogLike()  aTree->root->cl[pNum 0][rate 3][symb 1][seqPos 96]  -6.43011e-119
Try raising var.PIVEC_MIN, var.RATE_MIN, var.BRLEN_MIN, or var.GAMMA_SHAPE_MIN?
p4_partLogLike()  aTree->root->cl[pNum 0][rate 3][symb 2][seqPos 96]  -7.56347e-119
Try raising var.PIVEC_MIN, var.RATE_MIN, var.BRLEN_MIN, or var.GAMMA_SHAPE_MIN?
p4_partLogLike()  aTree->root->cl[pNum 0][rate 3][symb 3][seqPos 96]  -2.64606e-40
Try raising var.PIVEC_MIN, var.RATE_MIN, var.BRLEN_MIN, or var.GAMMA_SHAPE_MIN?
p4_partLogLike()  aTree->root->cl[pNum 0][rate 0][symb 3][seqPos 97]  -9.50208e-74
Try raising var.PIVEC_MIN, var.RATE_MIN, var.BRLEN_MIN, or var.GAMMA_SHAPE_MIN?
p4_partLogLike()  aTree->root->cl[pNum 0][rate 1][symb 3][seqPos 97]  -1.23016e-73
Try raising var.PIVEC_MIN, var.RATE_MIN, var.BRLEN_MIN, or var.GAMMA_SHAPE_MIN?
p4_partLogLike()  aTree->root->cl[pNum 0][rate 2][symb 3][seqPos 97]  -1.44521e-73
Try raising var.PIVEC_MIN, var.RATE_MIN, var.BRLEN_MIN, or var.GAMMA_SHAPE_MIN?
p4_partLogLike()  aTree->root->cl[pNum 0][rate 3][symb 3][seqPos 97]  -1.79131e-73
Try raising var.PIVEC_MIN, var.RATE_MIN, var.BRLEN_MIN, or var.GAMMA_SHAPE_MIN?
p4_partLogLike()  aTree->root->cl[pNum 0][rate 0][symb 3][seqPos 98]  -2.37283e-72
Try raising var.PIVEC_MIN, var.RATE_MIN, var.BRLEN_MIN, or var.GAMMA_SHAPE_MIN?
p4_partLogLike()  aTree->root->cl[pNum 0][rate 1][symb 3][seqPos 98]  -2.76119e-72
Try raising var.PIVEC_MIN, var.RATE_MIN, var.BRLEN_MIN, or var.GAMMA_SHAPE_MIN?
p4_partLogLike()  aTree->root->cl[pNum 0][rate 2][symb 3][seqPos 98]  -3.00897e-72
Try raising var.PIVEC_MIN, var.RATE_MIN, var.BRLEN_MIN, or var.GAMMA_SHAPE_MIN?
p4_partLogLike()  aTree->root->cl[pNum 0][rate 3][symb 3][seqPos 98]  -3.31782e-72
Try raising var.PIVEC_MIN, var.RATE_MIN, var.BRLEN_MIN, or var.GAMMA_SHAPE_MIN?
p4_partLogLike()  aTree->root->cl[pNum 0][rate 0][symb 3][seqPos 100]  -1.2907e-94
Try raising var.PIVEC_MIN, var.RATE_MIN, var.BRLEN_MIN, or var.GAMMA_SHAPE_MIN?
p4_partLogLike()  aTree->root->cl[pNum 0][rate 1][symb 3][seqPos 100]  -1.74117e-94
Try raising var.PIVEC_MIN, var.RATE_MIN, var.BRLEN_MIN, or var.GAMMA_SHAPE_MIN?
p4_partLogLike()  aTree->root->cl[pNum 0][rate 2][symb 3][seqPos 100]  -2.11143e-94
Try raising var.PIVEC_MIN, var.RATE_MIN, var.BRLEN_MIN, or var.GAMMA_SHAPE_MIN?
p4_partLogLike()  aTree->root->cl[pNum 0][rate 3][symb 3][seqPos 100]  -2.74088e-94
Try raising var.PIVEC_MIN, var.RATE_MIN, var.BRLEN_MIN, or var.GAMMA_SHAPE_MIN?
p4_partLogLike()  aTree->root->cl[pNum 0][rate 0][symb 3][seqPos 103]  -3.66035e-83
Try raising var.PIVEC_MIN, var.RATE_MIN, var.BRLEN_MIN, or var.GAMMA_SHAPE_MIN?
p4_partLogLike()  aTree->root->cl[pNum 0][rate 1][symb 3][seqPos 103]  -5.33336e-83
Try raising var.PIVEC_MIN, var.RATE_MIN, var.BRLEN_MIN, or var.GAMMA_SHAPE_MIN?
p4_partLogLike()  aTree->root->cl[pNum 0][rate 2][symb 3][seqPos 103]  -6.82251e-83
Try raising var.PIVEC_MIN, var.RATE_MIN, var.BRLEN_MIN, or var.GAMMA_SHAPE_MIN?
p4_partLogLike()  aTree->root->cl[pNum 0][rate 3][symb 3][seqPos 103]  -9.60233e-83
Try raising var.PIVEC_MIN, var.RATE_MIN, var.BRLEN_MIN, or var.GAMMA_SHAPE_MIN?
p4_partLogLike()  aTree->root->cl[pNum 0][rate 0][symb 3][seqPos 104]  -6.27638e-47
Try raising var.PIVEC_MIN, var.RATE_MIN, var.BRLEN_MIN, or var.GAMMA_SHAPE_MIN?
p4_partLogLike()  aTree->root->cl[pNum 0][rate 1][symb 3][seqPos 104]  -7.77756e-47
Try raising var.PIVEC_MIN, var.RATE_MIN, var.BRLEN_MIN, or var.GAMMA_SHAPE_MIN?
p4_partLogLike()  aTree->root->cl[pNum 0][rate 2][symb 3][seqPos 104]  -8.88718e-47
Try raising var.PIVEC_MIN, var.RATE_MIN, var.BRLEN_MIN, or var.GAMMA_SHAPE_MIN?
p4_partLogLike()  aTree->root->cl[pNum 0][rate 3][symb 3][seqPos 104]  -1.05858e-46
Try raising var.PIVEC_MIN, var.RATE_MIN, var.BRLEN_MIN, or var.GAMMA_SHAPE_MIN?
p4_partLogLike()  aTree->root->cl[pNum 0][rate 0][symb 3][seqPos 111]  -4.89993e-47
Try raising var.PIVEC_MIN, var.RATE_MIN, var.BRLEN_MIN, or var.GAMMA_SHAPE_MIN?
p4_partLogLike()  aTree->root->cl[pNum 0][rate 1][symb 3][seqPos 111]  -5.01478e-47
Try raising var.PIVEC_MIN, var.RATE_MIN, var.BRLEN_MIN, or var.GAMMA_SHAPE_MIN?
p4_partLogLike()  aTree->root->cl[pNum 0][rate 2][symb 3][seqPos 111]  -5.00911e-47
Try raising var.PIVEC_MIN, var.RATE_MIN, var.BRLEN_MIN, or var.GAMMA_SHAPE_MIN?
p4_partLogLike()  aTree->root->cl[pNum 0][rate 3][symb 3][seqPos 111]  -4.8798e-47
Try raising var.PIVEC_MIN, var.RATE_MIN, var.BRLEN_MIN, or var.GAMMA_SHAPE_MIN?
p4_partLogLike()  aTree->root->cl[pNum 0][rate 0][symb 3][seqPos 112]  -1.53697e-72
Try raising var.PIVEC_MIN, var.RATE_MIN, var.BRLEN_MIN, or var.GAMMA_SHAPE_MIN?
p4_partLogLike()  aTree->root->cl[pNum 0][rate 1][symb 3][seqPos 112]  -2.17853e-72
Try raising var.PIVEC_MIN, var.RATE_MIN, var.BRLEN_MIN, or var.GAMMA_SHAPE_MIN?
p4_partLogLike()  aTree->root->cl[pNum 0][rate 2][symb 3][seqPos 112]  -2.72232e-72
Try raising var.PIVEC_MIN, var.RATE_MIN, var.BRLEN_MIN, or var.GAMMA_SHAPE_MIN?
p4_partLogLike()  aTree->root->cl[pNum 0][rate 3][symb 3][seqPos 112]  -3.67533e-72
Try raising var.PIVEC_MIN, var.RATE_MIN, var.BRLEN_MIN, or var.GAMMA_SHAPE_MIN?
p4_partLogLike()  aTree->root->cl[pNum 0][rate 0][symb 3][seqPos 114]  -2.76391e-72
Try raising var.PIVEC_MIN, var.RATE_MIN, var.BRLEN_MIN, or var.GAMMA_SHAPE_MIN?
p4_partLogLike()  aTree->root->cl[pNum 0][rate 1][symb 3][seqPos 114]  -2.83523e-72
Try raising var.PIVEC_MIN, var.RATE_MIN, var.BRLEN_MIN, or var.GAMMA_SHAPE_MIN?
p4_partLogLike()  aTree->root->cl[pNum 0][rate 2][symb 3][seqPos 114]  -2.84767e-72
Try raising var.PIVEC_MIN, var.RATE_MIN, var.BRLEN_MIN, or var.GAMMA_SHAPE_MIN?
p4_partLogLike()  aTree->root->cl[pNum 0][rate 3][symb 3][seqPos 114]  -2.81537e-72
Try raising var.PIVEC_MIN, var.RATE_MIN, var.BRLEN_MIN, or var.GAMMA_SHAPE_MIN?
p4_partLogLike()  aTree->root->cl[pNum 0][rate 0][symb 3][seqPos 119]  -1.72968e-72
Try raising var.PIVEC_MIN, var.RATE_MIN, var.BRLEN_MIN, or var.GAMMA_SHAPE_MIN?
p4_partLogLike()  aTree->root->cl[pNum 0][rate 1][symb 3][seqPos 119]  -1.9101e-72
Try raising var.PIVEC_MIN, var.RATE_MIN, var.BRLEN_MIN, or var.GAMMA_SHAPE_MIN?
p4_partLogLike()  aTree->root->cl[pNum 0][rate 2][symb 3][seqPos 119]  -2.00784e-72
Try raising var.PIVEC_MIN, var.RATE_MIN, var.BRLEN_MIN, or var.GAMMA_SHAPE_MIN?
p4_partLogLike()  aTree->root->cl[pNum 0][rate 3][symb 3][seqPos 119]  -2.1005e-72
Try raising var.PIVEC_MIN, var.RATE_MIN, var.BRLEN_MIN, or var.GAMMA_SHAPE_MIN?
p4_partLogLike()  aTree->root->cl[pNum 0][rate 0][symb 3][seqPos 120]  -3.81983e-73
Try raising var.PIVEC_MIN, var.RATE_MIN, var.BRLEN_MIN, or var.GAMMA_SHAPE_MIN?
p4_partLogLike()  aTree->root->cl[pNum 0][rate 1][symb 3][seqPos 120]  -3.56129e-73
Try raising var.PIVEC_MIN, var.RATE_MIN, var.BRLEN_MIN, or var.GAMMA_SHAPE_MIN?
p4_partLogLike()  aTree->root->cl[pNum 0][rate 2][symb 3][seqPos 120]  -3.34249e-73
Try raising var.PIVEC_MIN, var.RATE_MIN, var.BRLEN_MIN, or var.GAMMA_SHAPE_MIN?
p4_partLogLike()  aTree->root->cl[pNum 0][rate 3][symb 3][seqPos 120]  -2.98201e-73
Try raising var.PIVEC_MIN, var.RATE_MIN, var.BRLEN_MIN, or var.GAMMA_SHAPE_MIN?
p4_partLogLike()  aTree->root->cl[pNum 0][rate 0][symb 3][seqPos 121]  -2.33593e-59
Try raising var.PIVEC_MIN, var.RATE_MIN, var.BRLEN_MIN, or var.GAMMA_SHAPE_MIN?
p4_partLogLike()  aTree->root->cl[pNum 0][rate 1][symb 3][seqPos 121]  -3.16898e-59
Try raising var.PIVEC_MIN, var.RATE_MIN, var.BRLEN_MIN, or var.GAMMA_SHAPE_MIN?
p4_partLogLike()  aTree->root->cl[pNum 0][rate 2][symb 3][seqPos 121]  -3.84311e-59
Try raising var.PIVEC_MIN, var.RATE_MIN, var.BRLEN_MIN, or var.GAMMA_SHAPE_MIN?
p4_partLogLike()  aTree->root->cl[pNum 0][rate 3][symb 3][seqPos 121]  -4.97115e-59
Try raising var.PIVEC_MIN, var.RATE_MIN, var.BRLEN_MIN, or var.GAMMA_SHAPE_MIN?
p4_partLogLike()  aTree->root->cl[pNum 0][rate 0][symb 3][seqPos 123]  -1.56818e-86
Try raising var.PIVEC_MIN, var.RATE_MIN, var.BRLEN_MIN, or var.GAMMA_SHAPE_MIN?
p4_partLogLike()  aTree->root->cl[pNum 0][rate 1][symb 3][seqPos 123]  -2.55991e-86
Try raising var.PIVEC_MIN, var.RATE_MIN, var.BRLEN_MIN, or var.GAMMA_SHAPE_MIN?
p4_partLogLike()  aTree->root->cl[pNum 0][rate 2][symb 3][seqPos 123]  -3.53929e-86
Try raising var.PIVEC_MIN, var.RATE_MIN, var.BRLEN_MIN, or var.GAMMA_SHAPE_MIN?
p4_partLogLike()  aTree->root->cl[pNum 0][rate 3][symb 3][seqPos 123]  -5.57564e-86
Try raising var.PIVEC_MIN, var.RATE_MIN, var.BRLEN_MIN, or var.GAMMA_SHAPE_MIN?
p4_partLogLike()  aTree->root->cl[pNum 0][rate 0][symb 0][seqPos 126]  -2.18751e-161
Try raising var.PIVEC_MIN, var.RATE_MIN, var.BRLEN_MIN, or var.GAMMA_SHAPE_MIN?
p4_partLogLike()  aTree->root->cl[pNum 0][rate 0][symb 1][seqPos 126]  -5.2408e-161
Try raising var.PIVEC_MIN, var.RATE_MIN, var.BRLEN_MIN, or var.GAMMA_SHAPE_MIN?
p4_partLogLike()  aTree->root->cl[pNum 0][rate 0][symb 2][seqPos 126]  -6.23298e-161
Try raising var.PIVEC_MIN, var.RATE_MIN, var.BRLEN_MIN, or var.GAMMA_SHAPE_MIN?
p4_partLogLike()  aTree->root->cl[pNum 0][rate 0][symb 3][seqPos 126]  -4.03224e-82
Try raising var.PIVEC_MIN, var.RATE_MIN, var.BRLEN_MIN, or var.GAMMA_SHAPE_MIN?
p4_partLogLike()  aTree->root->cl[pNum 0][rate 1][symb 0][seqPos 126]  -3.52755e-161
Try raising var.PIVEC_MIN, var.RATE_MIN, var.BRLEN_MIN, or var.GAMMA_SHAPE_MIN?
p4_partLogLike()  aTree->root->cl[pNum 0][rate 1][symb 1][seqPos 126]  -8.40128e-161
Try raising var.PIVEC_MIN, var.RATE_MIN, var.BRLEN_MIN, or var.GAMMA_SHAPE_MIN?
p4_partLogLike()  aTree->root->cl[pNum 0][rate 1][symb 2][seqPos 126]  -9.94972e-161
Try raising var.PIVEC_MIN, var.RATE_MIN, var.BRLEN_MIN, or var.GAMMA_SHAPE_MIN?
p4_partLogLike()  aTree->root->cl[pNum 0][rate 1][symb 3][seqPos 126]  -5.11572e-82
Try raising var.PIVEC_MIN, var.RATE_MIN, var.BRLEN_MIN, or var.GAMMA_SHAPE_MIN?
p4_partLogLike()  aTree->root->cl[pNum 0][rate 2][symb 0][seqPos 126]  -4.83804e-161
Try raising var.PIVEC_MIN, var.RATE_MIN, var.BRLEN_MIN, or var.GAMMA_SHAPE_MIN?
p4_partLogLike()  aTree->root->cl[pNum 0][rate 2][symb 1][seqPos 126]  -1.14534e-160
Try raising var.PIVEC_MIN, var.RATE_MIN, var.BRLEN_MIN, or var.GAMMA_SHAPE_MIN?
p4_partLogLike()  aTree->root->cl[pNum 0][rate 2][symb 2][seqPos 126]  -1.35357e-160
Try raising var.PIVEC_MIN, var.RATE_MIN, var.BRLEN_MIN, or var.GAMMA_SHAPE_MIN?
p4_partLogLike()  aTree->root->cl[pNum 0][rate 2][symb 3][seqPos 126]  -5.94686e-82
Try raising var.PIVEC_MIN, var.RATE_MIN, var.BRLEN_MIN, or var.GAMMA_SHAPE_MIN?
p4_partLogLike()  aTree->root->cl[pNum 0][rate 3][symb 0][seqPos 126]  -7.5248e-161
Try raising var.PIVEC_MIN, var.RATE_MIN, var.BRLEN_MIN, or var.GAMMA_SHAPE_MIN?
p4_partLogLike()  aTree->root->cl[pNum 0][rate 3][symb 1][seqPos 126]  -1.76627e-160
Try raising var.PIVEC_MIN, var.RATE_MIN, var.BRLEN_MIN, or var.GAMMA_SHAPE_MIN?
p4_partLogLike()  aTree->root->cl[pNum 0][rate 3][symb 2][seqPos 126]  -2.07759e-160
Try raising var.PIVEC_MIN, var.RATE_MIN, var.BRLEN_MIN, or var.GAMMA_SHAPE_MIN?
p4_partLogLike()  aTree->root->cl[pNum 0][rate 3][symb 3][seqPos 126]  -7.26839e-82
Try raising var.PIVEC_MIN, var.RATE_MIN, var.BRLEN_MIN, or var.GAMMA_SHAPE_MIN?
p4_partLogLike()  aTree->root->cl[pNum 0][rate 0][symb 3][seqPos 127]  -4.41455e-45
Try raising var.PIVEC_MIN, var.RATE_MIN, var.BRLEN_MIN, or var.GAMMA_SHAPE_MIN?
p4_partLogLike()  aTree->root->cl[pNum 0][rate 1][symb 3][seqPos 127]  -4.56252e-45
Try raising var.PIVEC_MIN, var.RATE_MIN, var.BRLEN_MIN, or var.GAMMA_SHAPE_MIN?
p4_partLogLike()  aTree->root->cl[pNum 0][rate 2][symb 3][seqPos 127]  -4.60268e-45
Try raising var.PIVEC_MIN, var.RATE_MIN, var.BRLEN_MIN, or var.GAMMA_SHAPE_MIN?
p4_partLogLike()  aTree->root->cl[pNum 0][rate 3][symb 3][seqPos 127]  -4.57008e-45
Try raising var.PIVEC_MIN, var.RATE_MIN, var.BRLEN_MIN, or var.GAMMA_SHAPE_MIN?
p4_partLogLike()  aTree->root->cl[pNum 0][rate 0][symb 3][seqPos 130]  -5.08321e-101
Try raising var.PIVEC_MIN, var.RATE_MIN, var.BRLEN_MIN, or var.GAMMA_SHAPE_MIN?
p4_partLogLike()  aTree->root->cl[pNum 0][rate 1][symb 3][seqPos 130]  -7.04597e-101
Try raising var.PIVEC_MIN, var.RATE_MIN, var.BRLEN_MIN, or var.GAMMA_SHAPE_MIN?
p4_partLogLike()  aTree->root->cl[pNum 0][rate 2][symb 3][seqPos 130]  -8.71234e-101
Try raising var.PIVEC_MIN, var.RATE_MIN, var.BRLEN_MIN, or var.GAMMA_SHAPE_MIN?
p4_partLogLike()  aTree->root->cl[pNum 0][rate 3][symb 3][seqPos 130]  -1.16765e-100
Try raising var.PIVEC_MIN, var.RATE_MIN, var.BRLEN_MIN, or var.GAMMA_SHAPE_MIN?
p4_partLogLike()  aTree->root->cl[pNum 0][rate 0][symb 3][seqPos 132]  -1.30513e-71
Try raising var.PIVEC_MIN, var.RATE_MIN, var.BRLEN_MIN, or var.GAMMA_SHAPE_MIN?
p4_partLogLike()  aTree->root->cl[pNum 0][rate 1][symb 3][seqPos 132]  -1.8829e-71
Try raising var.PIVEC_MIN, var.RATE_MIN, var.BRLEN_MIN, or var.GAMMA_SHAPE_MIN?
p4_partLogLike()  aTree->root->cl[pNum 0][rate 2][symb 3][seqPos 132]  -2.38515e-71
Try raising var.PIVEC_MIN, var.RATE_MIN, var.BRLEN_MIN, or var.GAMMA_SHAPE_MIN?
p4_partLogLike()  aTree->root->cl[pNum 0][rate 3][symb 3][seqPos 132]  -3.2998e-71
Try raising var.PIVEC_MIN, var.RATE_MIN, var.BRLEN_MIN, or var.GAMMA_SHAPE_MIN?
p4_partLogLike()  aTree->root->cl[pNum 0][rate 0][symb 3][seqPos 134]  -4.27296e-88
Try raising var.PIVEC_MIN, var.RATE_MIN, var.BRLEN_MIN, or var.GAMMA_SHAPE_MIN?
p4_partLogLike()  aTree->root->cl[pNum 0][rate 1][symb 3][seqPos 134]  -1.34575e-88
Try raising var.PIVEC_MIN, var.RATE_MIN, var.BRLEN_MIN, or var.GAMMA_SHAPE_MIN?
p4_partLogLike()  aTree->root->cl[pNum 0][rate 0][symb 3][seqPos 135]  -1.80547e-47
Try raising var.PIVEC_MIN, var.RATE_MIN, var.BRLEN_MIN, or var.GAMMA_SHAPE_MIN?
p4_partLogLike()  aTree->root->cl[pNum 0][rate 1][symb 3][seqPos 135]  -1.5082e-47
Try raising var.PIVEC_MIN, var.RATE_MIN, var.BRLEN_MIN, or var.GAMMA_SHAPE_MIN?
p4_partLogLike()  aTree->root->cl[pNum 0][rate 2][symb 3][seqPos 135]  -1.31219e-47
Try raising var.PIVEC_MIN, var.RATE_MIN, var.BRLEN_MIN, or var.GAMMA_SHAPE_MIN?
p4_partLogLike()  aTree->root->cl[pNum 0][rate 3][symb 3][seqPos 135]  -1.04856e-47
Try raising var.PIVEC_MIN, var.RATE_MIN, var.BRLEN_MIN, or var.GAMMA_SHAPE_MIN?
p4_partLogLike()  aTree->root->cl[pNum 0][rate 0][symb 3][seqPos 136]  -1.93905e-69
Try raising var.PIVEC_MIN, var.RATE_MIN, var.BRLEN_MIN, or var.GAMMA_SHAPE_MIN?
p4_partLogLike()  aTree->root->cl[pNum 0][rate 1][symb 3][seqPos 136]  -2.70601e-69
Try raising var.PIVEC_MIN, var.RATE_MIN, var.BRLEN_MIN, or var.GAMMA_SHAPE_MIN?
p4_partLogLike()  aTree->root->cl[pNum 0][rate 2][symb 3][seqPos 136]  -3.36131e-69
Try raising var.PIVEC_MIN, var.RATE_MIN, var.BRLEN_MIN, or var.GAMMA_SHAPE_MIN?
p4_partLogLike()  aTree->root->cl[pNum 0][rate 3][symb 3][seqPos 136]  -4.53273e-69
Try raising var.PIVEC_MIN, var.RATE_MIN, var.BRLEN_MIN, or var.GAMMA_SHAPE_MIN?
p4_partLogLike()  aTree->root->cl[pNum 0][rate 0][symb 3][seqPos 139]  -1.57882e-47
Try raising var.PIVEC_MIN, var.RATE_MIN, var.BRLEN_MIN, or var.GAMMA_SHAPE_MIN?
p4_partLogLike()  aTree->root->cl[pNum 0][rate 1][symb 3][seqPos 139]  -1.76756e-47
Try raising var.PIVEC_MIN, var.RATE_MIN, var.BRLEN_MIN, or var.GAMMA_SHAPE_MIN?
p4_partLogLike()  aTree->root->cl[pNum 0][rate 2][symb 3][seqPos 139]  -1.87506e-47
Try raising var.PIVEC_MIN, var.RATE_MIN, var.BRLEN_MIN, or var.GAMMA_SHAPE_MIN?
p4_partLogLike()  aTree->root->cl[pNum 0][rate 3][symb 3][seqPos 139]  -1.98968e-47
Try raising var.PIVEC_MIN, var.RATE_MIN, var.BRLEN_MIN, or var.GAMMA_SHAPE_MIN?
p4_partLogLike()  aTree->root->cl[pNum 0][rate 0][symb 3][seqPos 140]  -6.3722e-80
Try raising var.PIVEC_MIN, var.RATE_MIN, var.BRLEN_MIN, or var.GAMMA_SHAPE_MIN?
p4_partLogLike()  aTree->root->cl[pNum 0][rate 1][symb 3][seqPos 140]  -8.38644e-80
Try raising var.PIVEC_MIN, var.RATE_MIN, var.BRLEN_MIN, or var.GAMMA_SHAPE_MIN?
p4_partLogLike()  aTree->root->cl[pNum 0][rate 2][symb 3][seqPos 140]  -1.00324e-79
Try raising var.PIVEC_MIN, var.RATE_MIN, var.BRLEN_MIN, or var.GAMMA_SHAPE_MIN?
p4_partLogLike()  aTree->root->cl[pNum 0][rate 3][symb 3][seqPos 140]  -1.28505e-79
Try raising var.PIVEC_MIN, var.RATE_MIN, var.BRLEN_MIN, or var.GAMMA_SHAPE_MIN?
p4_partLogLike()  aTree->root->cl[pNum 0][rate 0][symb 3][seqPos 141]  -1.05805e-93
Try raising var.PIVEC_MIN, var.RATE_MIN, var.BRLEN_MIN, or var.GAMMA_SHAPE_MIN?
p4_partLogLike()  aTree->root->cl[pNum 0][rate 1][symb 3][seqPos 141]  -1.64154e-93
Try raising var.PIVEC_MIN, var.RATE_MIN, var.BRLEN_MIN, or var.GAMMA_SHAPE_MIN?
p4_partLogLike()  aTree->root->cl[pNum 0][rate 2][symb 3][seqPos 141]  -2.19029e-93
Try raising var.PIVEC_MIN, var.RATE_MIN, var.BRLEN_MIN, or var.GAMMA_SHAPE_MIN?
p4_partLogLike()  aTree->root->cl[pNum 0][rate 3][symb 3][seqPos 141]  -3.27189e-93
Try raising var.PIVEC_MIN, var.RATE_MIN, var.BRLEN_MIN, or var.GAMMA_SHAPE_MIN?
p4_partLogLike()  aTree->root->cl[pNum 0][rate 0][symb 0][seqPos 143]  -2.23616e-97
Try raising var.PIVEC_MIN, var.RATE_MIN, var.BRLEN_MIN, or var.GAMMA_SHAPE_MIN?
p4_partLogLike()  aTree->root->cl[pNum 0][rate 0][symb 1][seqPos 143]  -2.49049e-97
Try raising var.PIVEC_MIN, var.RATE_MIN, var.BRLEN_MIN, or var.GAMMA_SHAPE_MIN?
p4_partLogLike()  aTree->root->cl[pNum 0][rate 0][symb 2][seqPos 143]  -1.25251e-96
Try raising var.PIVEC_MIN, var.RATE_MIN, var.BRLEN_MIN, or var.GAMMA_SHAPE_MIN?
p4_partLogLike()  aTree->root->cl[pNum 0][rate 1][symb 0][seqPos 143]  -3.08586e-97
Try raising var.PIVEC_MIN, var.RATE_MIN, var.BRLEN_MIN, or var.GAMMA_SHAPE_MIN?
p4_partLogLike()  aTree->root->cl[pNum 0][rate 1][symb 1][seqPos 143]  -3.51123e-97
Try raising var.PIVEC_MIN, var.RATE_MIN, var.BRLEN_MIN, or var.GAMMA_SHAPE_MIN?
p4_partLogLike()  aTree->root->cl[pNum 0][rate 1][symb 2][seqPos 143]  -1.59744e-96
Try raising var.PIVEC_MIN, var.RATE_MIN, var.BRLEN_MIN, or var.GAMMA_SHAPE_MIN?
p4_partLogLike()  aTree->root->cl[pNum 0][rate 2][symb 0][seqPos 143]  -3.78452e-97
Try raising var.PIVEC_MIN, var.RATE_MIN, var.BRLEN_MIN, or var.GAMMA_SHAPE_MIN?
p4_partLogLike()  aTree->root->cl[pNum 0][rate 2][symb 1][seqPos 143]  -4.37537e-97
Try raising var.PIVEC_MIN, var.RATE_MIN, var.BRLEN_MIN, or var.GAMMA_SHAPE_MIN?
p4_partLogLike()  aTree->root->cl[pNum 0][rate 2][symb 2][seqPos 143]  -1.86505e-96
Try raising var.PIVEC_MIN, var.RATE_MIN, var.BRLEN_MIN, or var.GAMMA_SHAPE_MIN?
p4_partLogLike()  aTree->root->cl[pNum 0][rate 3][symb 0][seqPos 143]  -5.01502e-97
Try raising var.PIVEC_MIN, var.RATE_MIN, var.BRLEN_MIN, or var.GAMMA_SHAPE_MIN?
p4_partLogLike()  aTree->root->cl[pNum 0][rate 3][symb 1][seqPos 143]  -5.90836e-97
Try raising var.PIVEC_MIN, var.RATE_MIN, var.BRLEN_MIN, or var.GAMMA_SHAPE_MIN?
p4_partLogLike()  aTree->root->cl[pNum 0][rate 3][symb 2][seqPos 143]  -2.28763e-96
Try raising var.PIVEC_MIN, var.RATE_MIN, var.BRLEN_MIN, or var.GAMMA_SHAPE_MIN?
p4_partLogLike()  aTree->root->cl[pNum 0][rate 0][symb 3][seqPos 144]  -2.37327e-123
Try raising var.PIVEC_MIN, var.RATE_MIN, var.BRLEN_MIN, or var.GAMMA_SHAPE_MIN?
p4_partLogLike()  aTree->root->cl[pNum 0][rate 1][symb 3][seqPos 144]  -3.75543e-123
Try raising var.PIVEC_MIN, var.RATE_MIN, var.BRLEN_MIN, or var.GAMMA_SHAPE_MIN?
p4_partLogLike()  aTree->root->cl[pNum 0][rate 2][symb 3][seqPos 144]  -5.08069e-123
Try raising var.PIVEC_MIN, var.RATE_MIN, var.BRLEN_MIN, or var.GAMMA_SHAPE_MIN?
p4_partLogLike()  aTree->root->cl[pNum 0][rate 3][symb 3][seqPos 144]  -7.74347e-123
Try raising var.PIVEC_MIN, var.RATE_MIN, var.BRLEN_MIN, or var.GAMMA_SHAPE_MIN?
p4_partLogLike()  aTree->root->cl[pNum 0][rate 0][symb 3][seqPos 145]  -4.9553e-75
Try raising var.PIVEC_MIN, var.RATE_MIN, var.BRLEN_MIN, or var.GAMMA_SHAPE_MIN?
p4_partLogLike()  aTree->root->cl[pNum 0][rate 0][symb 3][seqPos 146]  -1.26698e-47
Try raising var.PIVEC_MIN, var.RATE_MIN, var.BRLEN_MIN, or var.GAMMA_SHAPE_MIN?
p4_partLogLike()  aTree->root->cl[pNum 0][rate 1][symb 3][seqPos 146]  -1.24411e-47
Try raising var.PIVEC_MIN, var.RATE_MIN, var.BRLEN_MIN, or var.GAMMA_SHAPE_MIN?
p4_partLogLike()  aTree->root->cl[pNum 0][rate 2][symb 3][seqPos 146]  -1.20716e-47
Try raising var.PIVEC_MIN, var.RATE_MIN, var.BRLEN_MIN, or var.GAMMA_SHAPE_MIN?
p4_partLogLike()  aTree->root->cl[pNum 0][rate 3][symb 3][seqPos 146]  -1.12669e-47
Try raising var.PIVEC_MIN, var.RATE_MIN, var.BRLEN_MIN, or var.GAMMA_SHAPE_MIN?
p4_partLogLike()  aTree->root->cl[pNum 0][rate 0][symb 0][seqPos 147]  -1.86124e-124
Try raising var.PIVEC_MIN, var.RATE_MIN, var.BRLEN_MIN, or var.GAMMA_SHAPE_MIN?
p4_partLogLike()  aTree->root->cl[pNum 0][rate 0][symb 1][seqPos 147]  -1.1963e-122
Try raising var.PIVEC_MIN, var.RATE_MIN, var.BRLEN_MIN, or var.GAMMA_SHAPE_MIN?
p4_partLogLike()  aTree->root->cl[pNum 0][rate 0][symb 2][seqPos 147]  -1.54069e-124
Try raising var.PIVEC_MIN, var.RATE_MIN, var.BRLEN_MIN, or var.GAMMA_SHAPE_MIN?
p4_partLogLike()  aTree->root->cl[pNum 0][rate 0][symb 3][seqPos 147]  -3.21037e-96
Try raising var.PIVEC_MIN, var.RATE_MIN, var.BRLEN_MIN, or var.GAMMA_SHAPE_MIN?
p4_partLogLike()  aTree->root->cl[pNum 0][rate 1][symb 0][seqPos 147]  -3.24306e-124
Try raising var.PIVEC_MIN, var.RATE_MIN, var.BRLEN_MIN, or var.GAMMA_SHAPE_MIN?
p4_partLogLike()  aTree->root->cl[pNum 0][rate 1][symb 1][seqPos 147]  -1.881e-122
Try raising var.PIVEC_MIN, var.RATE_MIN, var.BRLEN_MIN, or var.GAMMA_SHAPE_MIN?
p4_partLogLike()  aTree->root->cl[pNum 0][rate 1][symb 2][seqPos 147]  -2.86169e-124
Try raising var.PIVEC_MIN, var.RATE_MIN, var.BRLEN_MIN, or var.GAMMA_SHAPE_MIN?
p4_partLogLike()  aTree->root->cl[pNum 0][rate 1][symb 3][seqPos 147]  -5.04619e-96
Try raising var.PIVEC_MIN, var.RATE_MIN, var.BRLEN_MIN, or var.GAMMA_SHAPE_MIN?
p4_partLogLike()  aTree->root->cl[pNum 0][rate 2][symb 0][seqPos 147]  -4.68388e-124
Try raising var.PIVEC_MIN, var.RATE_MIN, var.BRLEN_MIN, or var.GAMMA_SHAPE_MIN?
p4_partLogLike()  aTree->root->cl[pNum 0][rate 2][symb 1][seqPos 147]  -2.52854e-122
Try raising var.PIVEC_MIN, var.RATE_MIN, var.BRLEN_MIN, or var.GAMMA_SHAPE_MIN?
p4_partLogLike()  aTree->root->cl[pNum 0][rate 2][symb 2][seqPos 147]  -4.30955e-124
Try raising var.PIVEC_MIN, var.RATE_MIN, var.BRLEN_MIN, or var.GAMMA_SHAPE_MIN?
p4_partLogLike()  aTree->root->cl[pNum 0][rate 2][symb 3][seqPos 147]  -6.797e-96
Try raising var.PIVEC_MIN, var.RATE_MIN, var.BRLEN_MIN, or var.GAMMA_SHAPE_MIN?
p4_partLogLike()  aTree->root->cl[pNum 0][rate 3][symb 0][seqPos 147]  -7.85339e-124
Try raising var.PIVEC_MIN, var.RATE_MIN, var.BRLEN_MIN, or var.GAMMA_SHAPE_MIN?
p4_partLogLike()  aTree->root->cl[pNum 0][rate 3][symb 1][seqPos 147]  -3.8227e-122
Try raising var.PIVEC_MIN, var.RATE_MIN, var.BRLEN_MIN, or var.GAMMA_SHAPE_MIN?
p4_partLogLike()  aTree->root->cl[pNum 0][rate 3][symb 2][seqPos 147]  -7.64569e-124
Try raising var.PIVEC_MIN, var.RATE_MIN, var.BRLEN_MIN, or var.GAMMA_SHAPE_MIN?
p4_partLogLike()  aTree->root->cl[pNum 0][rate 3][symb 3][seqPos 147]  -1.0291e-95
Try raising var.PIVEC_MIN, var.RATE_MIN, var.BRLEN_MIN, or var.GAMMA_SHAPE_MIN?
p4_partLogLike()  aTree->root->cl[pNum 0][rate 0][symb 0][seqPos 148]  -4.43828e-106
Try raising var.PIVEC_MIN, var.RATE_MIN, var.BRLEN_MIN, or var.GAMMA_SHAPE_MIN?
p4_partLogLike()  aTree->root->cl[pNum 0][rate 0][symb 1][seqPos 148]  -9.66443e-107
Try raising var.PIVEC_MIN, var.RATE_MIN, var.BRLEN_MIN, or var.GAMMA_SHAPE_MIN?
p4_partLogLike()  aTree->root->cl[pNum 0][rate 0][symb 2][seqPos 148]  -2.53201e-106
Try raising var.PIVEC_MIN, var.RATE_MIN, var.BRLEN_MIN, or var.GAMMA_SHAPE_MIN?
p4_partLogLike()  aTree->root->cl[pNum 0][rate 0][symb 3][seqPos 148]  -1.36961e-40
Try raising var.PIVEC_MIN, var.RATE_MIN, var.BRLEN_MIN, or var.GAMMA_SHAPE_MIN?
p4_partLogLike()  aTree->root->cl[pNum 0][rate 1][symb 0][seqPos 148]  -6.31396e-106
Try raising var.PIVEC_MIN, var.RATE_MIN, var.BRLEN_MIN, or var.GAMMA_SHAPE_MIN?
p4_partLogLike()  aTree->root->cl[pNum 0][rate 1][symb 1][seqPos 148]  -1.50354e-106
Try raising var.PIVEC_MIN, var.RATE_MIN, var.BRLEN_MIN, or var.GAMMA_SHAPE_MIN?
p4_partLogLike()  aTree->root->cl[pNum 0][rate 1][symb 2][seqPos 148]  -3.86737e-106
Try raising var.PIVEC_MIN, var.RATE_MIN, var.BRLEN_MIN, or var.GAMMA_SHAPE_MIN?
p4_partLogLike()  aTree->root->cl[pNum 0][rate 1][symb 3][seqPos 148]  -1.70201e-40
Try raising var.PIVEC_MIN, var.RATE_MIN, var.BRLEN_MIN, or var.GAMMA_SHAPE_MIN?
p4_partLogLike()  aTree->root->cl[pNum 0][rate 2][symb 0][seqPos 148]  -8.00358e-106
Try raising var.PIVEC_MIN, var.RATE_MIN, var.BRLEN_MIN, or var.GAMMA_SHAPE_MIN?
p4_partLogLike()  aTree->root->cl[pNum 0][rate 2][symb 1][seqPos 148]  -2.02038e-106
Try raising var.PIVEC_MIN, var.RATE_MIN, var.BRLEN_MIN, or var.GAMMA_SHAPE_MIN?
p4_partLogLike()  aTree->root->cl[pNum 0][rate 2][symb 2][seqPos 148]  -5.13029e-106
Try raising var.PIVEC_MIN, var.RATE_MIN, var.BRLEN_MIN, or var.GAMMA_SHAPE_MIN?
p4_partLogLike()  aTree->root->cl[pNum 0][rate 2][symb 3][seqPos 148]  -1.96881e-40
Try raising var.PIVEC_MIN, var.RATE_MIN, var.BRLEN_MIN, or var.GAMMA_SHAPE_MIN?
p4_partLogLike()  aTree->root->cl[pNum 0][rate 3][symb 0][seqPos 148]  -1.12085e-105
Try raising var.PIVEC_MIN, var.RATE_MIN, var.BRLEN_MIN, or var.GAMMA_SHAPE_MIN?
p4_partLogLike()  aTree->root->cl[pNum 0][rate 3][symb 1][seqPos 148]  -3.08646e-106
Try raising var.PIVEC_MIN, var.RATE_MIN, var.BRLEN_MIN, or var.GAMMA_SHAPE_MIN?
p4_partLogLike()  aTree->root->cl[pNum 0][rate 3][symb 2][seqPos 148]  -7.67101e-106
Try raising var.PIVEC_MIN, var.RATE_MIN, var.BRLEN_MIN, or var.GAMMA_SHAPE_MIN?
p4_partLogLike()  aTree->root->cl[pNum 0][rate 3][symb 3][seqPos 148]  -2.42193e-40
Try raising var.PIVEC_MIN, var.RATE_MIN, var.BRLEN_MIN, or var.GAMMA_SHAPE_MIN?
p4_partLogLike()  aTree->root->cl[pNum 0][rate 0][symb 3][seqPos 149]  -2.38928e-48
Try raising var.PIVEC_MIN, var.RATE_MIN, var.BRLEN_MIN, or var.GAMMA_SHAPE_MIN?
p4_partLogLike()  aTree->root->cl[pNum 0][rate 1][symb 3][seqPos 149]  -3.2446e-48
Try raising var.PIVEC_MIN, var.RATE_MIN, var.BRLEN_MIN, or var.GAMMA_SHAPE_MIN?
p4_partLogLike()  aTree->root->cl[pNum 0][rate 2][symb 3][seqPos 149]  -3.93942e-48
Try raising var.PIVEC_MIN, var.RATE_MIN, var.BRLEN_MIN, or var.GAMMA_SHAPE_MIN?
p4_partLogLike()  aTree->root->cl[pNum 0][rate 3][symb 3][seqPos 149]  -5.11056e-48
Try raising var.PIVEC_MIN, var.RATE_MIN, var.BRLEN_MIN, or var.GAMMA_SHAPE_MIN?
p4_partLogLike()  aTree->root->cl[pNum 0][rate 0][symb 0][seqPos 154]  -1.12883e-59
Try raising var.PIVEC_MIN, var.RATE_MIN, var.BRLEN_MIN, or var.GAMMA_SHAPE_MIN?
p4_partLogLike()  aTree->root->cl[pNum 0][rate 0][symb 1][seqPos 154]  -1.10862e-63
Try raising var.PIVEC_MIN, var.RATE_MIN, var.BRLEN_MIN, or var.GAMMA_SHAPE_MIN?
p4_partLogLike()  aTree->root->cl[pNum 0][rate 0][symb 2][seqPos 154]  -2.50617e-62
Try raising var.PIVEC_MIN, var.RATE_MIN, var.BRLEN_MIN, or var.GAMMA_SHAPE_MIN?
p4_partLogLike()  aTree->root->cl[pNum 0][rate 0][symb 3][seqPos 154]  -8.47129e-74
Try raising var.PIVEC_MIN, var.RATE_MIN, var.BRLEN_MIN, or var.GAMMA_SHAPE_MIN?
p4_partLogLike()  aTree->root->cl[pNum 0][rate 1][symb 0][seqPos 154]  -1.13819e-59
Try raising var.PIVEC_MIN, var.RATE_MIN, var.BRLEN_MIN, or var.GAMMA_SHAPE_MIN?
p4_partLogLike()  aTree->root->cl[pNum 0][rate 1][symb 1][seqPos 154]  -1.65771e-63
Try raising var.PIVEC_MIN, var.RATE_MIN, var.BRLEN_MIN, or var.GAMMA_SHAPE_MIN?
p4_partLogLike()  aTree->root->cl[pNum 0][rate 1][symb 2][seqPos 154]  -3.62452e-62
Try raising var.PIVEC_MIN, var.RATE_MIN, var.BRLEN_MIN, or var.GAMMA_SHAPE_MIN?
p4_partLogLike()  aTree->root->cl[pNum 0][rate 1][symb 3][seqPos 154]  -1.10471e-73
Try raising var.PIVEC_MIN, var.RATE_MIN, var.BRLEN_MIN, or var.GAMMA_SHAPE_MIN?
p4_partLogLike()  aTree->root->cl[pNum 0][rate 2][symb 0][seqPos 154]  -1.15872e-59
Try raising var.PIVEC_MIN, var.RATE_MIN, var.BRLEN_MIN, or var.GAMMA_SHAPE_MIN?
p4_partLogLike()  aTree->root->cl[pNum 0][rate 2][symb 1][seqPos 154]  -2.14162e-63
Try raising var.PIVEC_MIN, var.RATE_MIN, var.BRLEN_MIN, or var.GAMMA_SHAPE_MIN?
p4_partLogLike()  aTree->root->cl[pNum 0][rate 2][symb 2][seqPos 154]  -4.72893e-62
Try raising var.PIVEC_MIN, var.RATE_MIN, var.BRLEN_MIN, or var.GAMMA_SHAPE_MIN?
p4_partLogLike()  aTree->root->cl[pNum 0][rate 2][symb 3][seqPos 154]  -1.31517e-73
Try raising var.PIVEC_MIN, var.RATE_MIN, var.BRLEN_MIN, or var.GAMMA_SHAPE_MIN?
p4_partLogLike()  aTree->root->cl[pNum 0][rate 3][symb 0][seqPos 154]  -1.05493e-59
Try raising var.PIVEC_MIN, var.RATE_MIN, var.BRLEN_MIN, or var.GAMMA_SHAPE_MIN?
p4_partLogLike()  aTree->root->cl[pNum 0][rate 3][symb 1][seqPos 154]  -2.79427e-63
Try raising var.PIVEC_MIN, var.RATE_MIN, var.BRLEN_MIN, or var.GAMMA_SHAPE_MIN?
p4_partLogLike()  aTree->root->cl[pNum 0][rate 3][symb 2][seqPos 154]  -5.95106e-62
Try raising var.PIVEC_MIN, var.RATE_MIN, var.BRLEN_MIN, or var.GAMMA_SHAPE_MIN?
p4_partLogLike()  aTree->root->cl[pNum 0][rate 3][symb 3][seqPos 154]  -1.67645e-73
Try raising var.PIVEC_MIN, var.RATE_MIN, var.BRLEN_MIN, or var.GAMMA_SHAPE_MIN?
p4_partLogLike()  aTree->root->cl[pNum 0][rate 0][symb 3][seqPos 155]  -5.62669e-59
Try raising var.PIVEC_MIN, var.RATE_MIN, var.BRLEN_MIN, or var.GAMMA_SHAPE_MIN?
p4_partLogLike()  aTree->root->cl[pNum 0][rate 1][symb 3][seqPos 155]  -6.29918e-59
Try raising var.PIVEC_MIN, var.RATE_MIN, var.BRLEN_MIN, or var.GAMMA_SHAPE_MIN?
p4_partLogLike()  aTree->root->cl[pNum 0][rate 2][symb 3][seqPos 155]  -6.69488e-59
Try raising var.PIVEC_MIN, var.RATE_MIN, var.BRLEN_MIN, or var.GAMMA_SHAPE_MIN?
p4_partLogLike()  aTree->root->cl[pNum 0][rate 3][symb 3][seqPos 155]  -7.14103e-59
Try raising var.PIVEC_MIN, var.RATE_MIN, var.BRLEN_MIN, or var.GAMMA_SHAPE_MIN?
p4_partLogLike()  aTree->root->cl[pNum 0][rate 0][symb 0][seqPos 156]  -7.8415e-120
Try raising var.PIVEC_MIN, var.RATE_MIN, var.BRLEN_MIN, or var.GAMMA_SHAPE_MIN?
p4_partLogLike()  aTree->root->cl[pNum 0][rate 0][symb 1][seqPos 156]  -1.87866e-119
Try raising var.PIVEC_MIN, var.RATE_MIN, var.BRLEN_MIN, or var.GAMMA_SHAPE_MIN?
p4_partLogLike()  aTree->root->cl[pNum 0][rate 0][symb 2][seqPos 156]  -2.23432e-119
Try raising var.PIVEC_MIN, var.RATE_MIN, var.BRLEN_MIN, or var.GAMMA_SHAPE_MIN?
p4_partLogLike()  aTree->root->cl[pNum 0][rate 0][symb 3][seqPos 156]  -1.44543e-40
Try raising var.PIVEC_MIN, var.RATE_MIN, var.BRLEN_MIN, or var.GAMMA_SHAPE_MIN?
p4_partLogLike()  aTree->root->cl[pNum 0][rate 1][symb 0][seqPos 156]  -1.20945e-119
Try raising var.PIVEC_MIN, var.RATE_MIN, var.BRLEN_MIN, or var.GAMMA_SHAPE_MIN?
p4_partLogLike()  aTree->root->cl[pNum 0][rate 1][symb 1][seqPos 156]  -2.88044e-119
Try raising var.PIVEC_MIN, var.RATE_MIN, var.BRLEN_MIN, or var.GAMMA_SHAPE_MIN?
p4_partLogLike()  aTree->root->cl[pNum 0][rate 1][symb 2][seqPos 156]  -3.41134e-119
Try raising var.PIVEC_MIN, var.RATE_MIN, var.BRLEN_MIN, or var.GAMMA_SHAPE_MIN?
p4_partLogLike()  aTree->root->cl[pNum 0][rate 1][symb 3][seqPos 156]  -1.75396e-40
Try raising var.PIVEC_MIN, var.RATE_MIN, var.BRLEN_MIN, or var.GAMMA_SHAPE_MIN?
p4_partLogLike()  aTree->root->cl[pNum 0][rate 2][symb 0][seqPos 156]  -1.62449e-119
Try raising var.PIVEC_MIN, var.RATE_MIN, var.BRLEN_MIN, or var.GAMMA_SHAPE_MIN?
p4_partLogLike()  aTree->root->cl[pNum 0][rate 2][symb 1][seqPos 156]  -3.84576e-119
Try raising var.PIVEC_MIN, var.RATE_MIN, var.BRLEN_MIN, or var.GAMMA_SHAPE_MIN?
p4_partLogLike()  aTree->root->cl[pNum 0][rate 2][symb 2][seqPos 156]  -4.54492e-119
Try raising var.PIVEC_MIN, var.RATE_MIN, var.BRLEN_MIN, or var.GAMMA_SHAPE_MIN?
p4_partLogLike()  aTree->root->cl[pNum 0][rate 2][symb 3][seqPos 156]  -1.9968e-40
Try raising var.PIVEC_MIN, var.RATE_MIN, var.BRLEN_MIN, or var.GAMMA_SHAPE_MIN?
p4_partLogLike()  aTree->root->cl[pNum 0][rate 3][symb 0][seqPos 156]  -2.48748e-119
Try raising var.PIVEC_MIN, var.RATE_MIN, var.BRLEN_MIN, or var.GAMMA_SHAPE_MIN?
p4_partLogLike()  aTree->root->cl[pNum 0][rate 3][symb 1][seqPos 156]  -5.83879e-119
Try raising var.PIVEC_MIN, var.RATE_MIN, var.BRLEN_MIN, or var.GAMMA_SHAPE_MIN?
p4_partLogLike()  aTree->root->cl[pNum 0][rate 3][symb 2][seqPos 156]  -6.86792e-119
Try raising var.PIVEC_MIN, var.RATE_MIN, var.BRLEN_MIN, or var.GAMMA_SHAPE_MIN?
p4_partLogLike()  aTree->root->cl[pNum 0][rate 3][symb 3][seqPos 156]  -2.40272e-40
Try raising var.PIVEC_MIN, var.RATE_MIN, var.BRLEN_MIN, or var.GAMMA_SHAPE_MIN?
p4_partLogLike()  aTree->root->cl[pNum 0][rate 0][symb 3][seqPos 158]  -1.65368e-27
Try raising var.PIVEC_MIN, var.RATE_MIN, var.BRLEN_MIN, or var.GAMMA_SHAPE_MIN?
p4_partLogLike()  aTree->root->cl[pNum 0][rate 1][symb 3][seqPos 158]  -1.88251e-27
Try raising var.PIVEC_MIN, var.RATE_MIN, var.BRLEN_MIN, or var.GAMMA_SHAPE_MIN?
p4_partLogLike()  aTree->root->cl[pNum 0][rate 2][symb 3][seqPos 158]  -2.05203e-27
Try raising var.PIVEC_MIN, var.RATE_MIN, var.BRLEN_MIN, or var.GAMMA_SHAPE_MIN?
p4_partLogLike()  aTree->root->cl[pNum 0][rate 3][symb 3][seqPos 158]  -2.3176e-27
Try raising var.PIVEC_MIN, var.RATE_MIN, var.BRLEN_MIN, or var.GAMMA_SHAPE_MIN?
p4_partLogLike()  aTree->root->cl[pNum 0][rate 0][symb 3][seqPos 161]  -8.62526e-47
Try raising var.PIVEC_MIN, var.RATE_MIN, var.BRLEN_MIN, or var.GAMMA_SHAPE_MIN?
p4_partLogLike()  aTree->root->cl[pNum 0][rate 1][symb 3][seqPos 161]  -1.06487e-46
Try raising var.PIVEC_MIN, var.RATE_MIN, var.BRLEN_MIN, or var.GAMMA_SHAPE_MIN?
p4_partLogLike()  aTree->root->cl[pNum 0][rate 2][symb 3][seqPos 161]  -1.21641e-46
Try raising var.PIVEC_MIN, var.RATE_MIN, var.BRLEN_MIN, or var.GAMMA_SHAPE_MIN?
p4_partLogLike()  aTree->root->cl[pNum 0][rate 3][symb 3][seqPos 161]  -1.45241e-46
Try raising var.PIVEC_MIN, var.RATE_MIN, var.BRLEN_MIN, or var.GAMMA_SHAPE_MIN?
p4_partLogLike()  aTree->root->cl[pNum 0][rate 0][symb 3][seqPos 164]  -5.49758e-48
Try raising var.PIVEC_MIN, var.RATE_MIN, var.BRLEN_MIN, or var.GAMMA_SHAPE_MIN?
p4_partLogLike()  aTree->root->cl[pNum 0][rate 1][symb 3][seqPos 164]  -8.27823e-48
Try raising var.PIVEC_MIN, var.RATE_MIN, var.BRLEN_MIN, or var.GAMMA_SHAPE_MIN?
p4_partLogLike()  aTree->root->cl[pNum 0][rate 2][symb 3][seqPos 164]  -1.08118e-47
Try raising var.PIVEC_MIN, var.RATE_MIN, var.BRLEN_MIN, or var.GAMMA_SHAPE_MIN?
p4_partLogLike()  aTree->root->cl[pNum 0][rate 3][symb 3][seqPos 164]  -1.56358e-47
Try raising var.PIVEC_MIN, var.RATE_MIN, var.BRLEN_MIN, or var.GAMMA_SHAPE_MIN?
p4_partLogLike()  aTree->root->cl[pNum 0][rate 0][symb 3][seqPos 165]  -1.10366e-71
Try raising var.PIVEC_MIN, var.RATE_MIN, var.BRLEN_MIN, or var.GAMMA_SHAPE_MIN?
p4_partLogLike()  aTree->root->cl[pNum 0][rate 1][symb 3][seqPos 165]  -1.64613e-71
Try raising var.PIVEC_MIN, var.RATE_MIN, var.BRLEN_MIN, or var.GAMMA_SHAPE_MIN?
p4_partLogLike()  aTree->root->cl[pNum 0][rate 2][symb 3][seqPos 165]  -2.13508e-71
Try raising var.PIVEC_MIN, var.RATE_MIN, var.BRLEN_MIN, or var.GAMMA_SHAPE_MIN?
p4_partLogLike()  aTree->root->cl[pNum 0][rate 3][symb 3][seqPos 165]  -3.0547e-71
Try raising var.PIVEC_MIN, var.RATE_MIN, var.BRLEN_MIN, or var.GAMMA_SHAPE_MIN?
p4_partLogLike()  aTree->root->cl[pNum 0][rate 0][symb 3][seqPos 172]  -8.07832e-73
Try raising var.PIVEC_MIN, var.RATE_MIN, var.BRLEN_MIN, or var.GAMMA_SHAPE_MIN?
p4_partLogLike()  aTree->root->cl[pNum 0][rate 1][symb 3][seqPos 172]  -1.02504e-72
Try raising var.PIVEC_MIN, var.RATE_MIN, var.BRLEN_MIN, or var.GAMMA_SHAPE_MIN?
p4_partLogLike()  aTree->root->cl[pNum 0][rate 2][symb 3][seqPos 172]  -1.19245e-72
Try raising var.PIVEC_MIN, var.RATE_MIN, var.BRLEN_MIN, or var.GAMMA_SHAPE_MIN?
p4_partLogLike()  aTree->root->cl[pNum 0][rate 3][symb 3][seqPos 172]  -1.46238e-72
Try raising var.PIVEC_MIN, var.RATE_MIN, var.BRLEN_MIN, or var.GAMMA_SHAPE_MIN?
p4_partLogLike()  aTree->root->cl[pNum 0][rate 0][symb 3][seqPos 173]  -7.7938e-55
Try raising var.PIVEC_MIN, var.RATE_MIN, var.BRLEN_MIN, or var.GAMMA_SHAPE_MIN?
p4_partLogLike()  aTree->root->cl[pNum 0][rate 1][symb 3][seqPos 173]  -1.10645e-54
Try raising var.PIVEC_MIN, var.RATE_MIN, var.BRLEN_MIN, or var.GAMMA_SHAPE_MIN?
p4_partLogLike()  aTree->root->cl[pNum 0][rate 2][symb 3][seqPos 173]  -1.39476e-54
Try raising var.PIVEC_MIN, var.RATE_MIN, var.BRLEN_MIN, or var.GAMMA_SHAPE_MIN?
p4_partLogLike()  aTree->root->cl[pNum 0][rate 3][symb 3][seqPos 173]  -1.9295e-54
Try raising var.PIVEC_MIN, var.RATE_MIN, var.BRLEN_MIN, or var.GAMMA_SHAPE_MIN?
p4_partLogLike()  aTree->root->cl[pNum 0][rate 0][symb 0][seqPos 174]  -1.9916e-99
Try raising var.PIVEC_MIN, var.RATE_MIN, var.BRLEN_MIN, or var.GAMMA_SHAPE_MIN?
p4_partLogLike()  aTree->root->cl[pNum 0][rate 0][symb 1][seqPos 174]  -8.13555e-97
Try raising var.PIVEC_MIN, var.RATE_MIN, var.BRLEN_MIN, or var.GAMMA_SHAPE_MIN?
p4_partLogLike()  aTree->root->cl[pNum 0][rate 0][symb 2][seqPos 174]  -1.59746e-99
Try raising var.PIVEC_MIN, var.RATE_MIN, var.BRLEN_MIN, or var.GAMMA_SHAPE_MIN?
p4_partLogLike()  aTree->root->cl[pNum 0][rate 0][symb 3][seqPos 174]  -3.18077e-97
Try raising var.PIVEC_MIN, var.RATE_MIN, var.BRLEN_MIN, or var.GAMMA_SHAPE_MIN?
p4_partLogLike()  aTree->root->cl[pNum 0][rate 1][symb 0][seqPos 174]  -3.83804e-99
Try raising var.PIVEC_MIN, var.RATE_MIN, var.BRLEN_MIN, or var.GAMMA_SHAPE_MIN?
p4_partLogLike()  aTree->root->cl[pNum 0][rate 1][symb 1][seqPos 174]  -1.32099e-96
Try raising var.PIVEC_MIN, var.RATE_MIN, var.BRLEN_MIN, or var.GAMMA_SHAPE_MIN?
p4_partLogLike()  aTree->root->cl[pNum 0][rate 1][symb 2][seqPos 174]  -3.16008e-99
Try raising var.PIVEC_MIN, var.RATE_MIN, var.BRLEN_MIN, or var.GAMMA_SHAPE_MIN?
p4_partLogLike()  aTree->root->cl[pNum 0][rate 1][symb 3][seqPos 174]  -5.58262e-97
Try raising var.PIVEC_MIN, var.RATE_MIN, var.BRLEN_MIN, or var.GAMMA_SHAPE_MIN?
p4_partLogLike()  aTree->root->cl[pNum 0][rate 2][symb 0][seqPos 174]  -5.97422e-99
Try raising var.PIVEC_MIN, var.RATE_MIN, var.BRLEN_MIN, or var.GAMMA_SHAPE_MIN?
p4_partLogLike()  aTree->root->cl[pNum 0][rate 2][symb 1][seqPos 174]  -1.82804e-96
Try raising var.PIVEC_MIN, var.RATE_MIN, var.BRLEN_MIN, or var.GAMMA_SHAPE_MIN?
p4_partLogLike()  aTree->root->cl[pNum 0][rate 2][symb 2][seqPos 174]  -4.99868e-99
Try raising var.PIVEC_MIN, var.RATE_MIN, var.BRLEN_MIN, or var.GAMMA_SHAPE_MIN?
p4_partLogLike()  aTree->root->cl[pNum 0][rate 2][symb 3][seqPos 174]  -8.13303e-97
Try raising var.PIVEC_MIN, var.RATE_MIN, var.BRLEN_MIN, or var.GAMMA_SHAPE_MIN?
p4_partLogLike()  aTree->root->cl[pNum 0][rate 3][symb 0][seqPos 174]  -1.12291e-98
Try raising var.PIVEC_MIN, var.RATE_MIN, var.BRLEN_MIN, or var.GAMMA_SHAPE_MIN?
p4_partLogLike()  aTree->root->cl[pNum 0][rate 3][symb 1][seqPos 174]  -2.90361e-96
Try raising var.PIVEC_MIN, var.RATE_MIN, var.BRLEN_MIN, or var.GAMMA_SHAPE_MIN?
p4_partLogLike()  aTree->root->cl[pNum 0][rate 3][symb 2][seqPos 174]  -9.63989e-99
Try raising var.PIVEC_MIN, var.RATE_MIN, var.BRLEN_MIN, or var.GAMMA_SHAPE_MIN?
p4_partLogLike()  aTree->root->cl[pNum 0][rate 3][symb 3][seqPos 174]  -1.38747e-96
Try raising var.PIVEC_MIN, var.RATE_MIN, var.BRLEN_MIN, or var.GAMMA_SHAPE_MIN?
p4_partLogLike()  aTree->root->cl[pNum 0][rate 0][symb 3][seqPos 175]  -2.783e-107
Try raising var.PIVEC_MIN, var.RATE_MIN, var.BRLEN_MIN, or var.GAMMA_SHAPE_MIN?
p4_partLogLike()  aTree->root->cl[pNum 0][rate 1][symb 3][seqPos 175]  -4.6269e-107
Try raising var.PIVEC_MIN, var.RATE_MIN, var.BRLEN_MIN, or var.GAMMA_SHAPE_MIN?
p4_partLogLike()  aTree->root->cl[pNum 0][rate 2][symb 3][seqPos 175]  -6.47185e-107
Try raising var.PIVEC_MIN, var.RATE_MIN, var.BRLEN_MIN, or var.GAMMA_SHAPE_MIN?
p4_partLogLike()  aTree->root->cl[pNum 0][rate 3][symb 3][seqPos 175]  -1.03547e-106
Try raising var.PIVEC_MIN, var.RATE_MIN, var.BRLEN_MIN, or var.GAMMA_SHAPE_MIN?
p4_partLogLike()  aTree->root->cl[pNum 0][rate 0][symb 3][seqPos 178]  -9.81843e-84
Try raising var.PIVEC_MIN, var.RATE_MIN, var.BRLEN_MIN, or var.GAMMA_SHAPE_MIN?
p4_partLogLike()  aTree->root->cl[pNum 0][rate 1][symb 3][seqPos 178]  -1.6317e-83
Try raising var.PIVEC_MIN, var.RATE_MIN, var.BRLEN_MIN, or var.GAMMA_SHAPE_MIN?
p4_partLogLike()  aTree->root->cl[pNum 0][rate 2][symb 3][seqPos 178]  -2.28538e-83
Try raising var.PIVEC_MIN, var.RATE_MIN, var.BRLEN_MIN, or var.GAMMA_SHAPE_MIN?
p4_partLogLike()  aTree->root->cl[pNum 0][rate 3][symb 3][seqPos 178]  -3.67106e-83
Try raising var.PIVEC_MIN, var.RATE_MIN, var.BRLEN_MIN, or var.GAMMA_SHAPE_MIN?
p4_partLogLike()  aTree->root->cl[pNum 0][rate 0][symb 3][seqPos 180]  -6.84944e-72
Try raising var.PIVEC_MIN, var.RATE_MIN, var.BRLEN_MIN, or var.GAMMA_SHAPE_MIN?
p4_partLogLike()  aTree->root->cl[pNum 0][rate 1][symb 3][seqPos 180]  -1.00221e-71
Try raising var.PIVEC_MIN, var.RATE_MIN, var.BRLEN_MIN, or var.GAMMA_SHAPE_MIN?
p4_partLogLike()  aTree->root->cl[pNum 0][rate 2][symb 3][seqPos 180]  -1.2828e-71
Try raising var.PIVEC_MIN, var.RATE_MIN, var.BRLEN_MIN, or var.GAMMA_SHAPE_MIN?
p4_partLogLike()  aTree->root->cl[pNum 0][rate 3][symb 3][seqPos 180]  -1.79864e-71
Try raising var.PIVEC_MIN, var.RATE_MIN, var.BRLEN_MIN, or var.GAMMA_SHAPE_MIN?
p4_partLogLike()  aTree->root->cl[pNum 0][rate 0][symb 0][seqPos 181]  -3.16309e-132
Try raising var.PIVEC_MIN, var.RATE_MIN, var.BRLEN_MIN, or var.GAMMA_SHAPE_MIN?
p4_partLogLike()  aTree->root->cl[pNum 0][rate 0][symb 1][seqPos 181]  -1.46553e-133
Try raising var.PIVEC_MIN, var.RATE_MIN, var.BRLEN_MIN, or var.GAMMA_SHAPE_MIN?
p4_partLogLike()  aTree->root->cl[pNum 0][rate 0][symb 2][seqPos 181]  -5.4618e-133
Try raising var.PIVEC_MIN, var.RATE_MIN, var.BRLEN_MIN, or var.GAMMA_SHAPE_MIN?
p4_partLogLike()  aTree->root->cl[pNum 0][rate 0][symb 3][seqPos 181]  -4.49802e-80
Try raising var.PIVEC_MIN, var.RATE_MIN, var.BRLEN_MIN, or var.GAMMA_SHAPE_MIN?
p4_partLogLike()  aTree->root->cl[pNum 0][rate 1][symb 0][seqPos 181]  -5.00699e-132
Try raising var.PIVEC_MIN, var.RATE_MIN, var.BRLEN_MIN, or var.GAMMA_SHAPE_MIN?
p4_partLogLike()  aTree->root->cl[pNum 0][rate 1][symb 1][seqPos 181]  -2.60222e-133
Try raising var.PIVEC_MIN, var.RATE_MIN, var.BRLEN_MIN, or var.GAMMA_SHAPE_MIN?
p4_partLogLike()  aTree->root->cl[pNum 0][rate 1][symb 2][seqPos 181]  -9.63405e-133
Try raising var.PIVEC_MIN, var.RATE_MIN, var.BRLEN_MIN, or var.GAMMA_SHAPE_MIN?
p4_partLogLike()  aTree->root->cl[pNum 0][rate 1][symb 3][seqPos 181]  -6.90073e-80
Try raising var.PIVEC_MIN, var.RATE_MIN, var.BRLEN_MIN, or var.GAMMA_SHAPE_MIN?
p4_partLogLike()  aTree->root->cl[pNum 0][rate 2][symb 0][seqPos 181]  -6.79342e-132
Try raising var.PIVEC_MIN, var.RATE_MIN, var.BRLEN_MIN, or var.GAMMA_SHAPE_MIN?
p4_partLogLike()  aTree->root->cl[pNum 0][rate 2][symb 1][seqPos 181]  -3.82537e-133
Try raising var.PIVEC_MIN, var.RATE_MIN, var.BRLEN_MIN, or var.GAMMA_SHAPE_MIN?
p4_partLogLike()  aTree->root->cl[pNum 0][rate 2][symb 2][seqPos 181]  -1.40874e-132
Try raising var.PIVEC_MIN, var.RATE_MIN, var.BRLEN_MIN, or var.GAMMA_SHAPE_MIN?
p4_partLogLike()  aTree->root->cl[pNum 0][rate 2][symb 3][seqPos 181]  -9.1955e-80
Try raising var.PIVEC_MIN, var.RATE_MIN, var.BRLEN_MIN, or var.GAMMA_SHAPE_MIN?
p4_partLogLike()  aTree->root->cl[pNum 0][rate 3][symb 0][seqPos 181]  -1.04794e-131
Try raising var.PIVEC_MIN, var.RATE_MIN, var.BRLEN_MIN, or var.GAMMA_SHAPE_MIN?
p4_partLogLike()  aTree->root->cl[pNum 0][rate 3][symb 1][seqPos 181]  -6.63432e-133
Try raising var.PIVEC_MIN, var.RATE_MIN, var.BRLEN_MIN, or var.GAMMA_SHAPE_MIN?
p4_partLogLike()  aTree->root->cl[pNum 0][rate 3][symb 2][seqPos 181]  -2.41781e-132
Try raising var.PIVEC_MIN, var.RATE_MIN, var.BRLEN_MIN, or var.GAMMA_SHAPE_MIN?
p4_partLogLike()  aTree->root->cl[pNum 0][rate 3][symb 3][seqPos 181]  -1.38396e-79
Try raising var.PIVEC_MIN, var.RATE_MIN, var.BRLEN_MIN, or var.GAMMA_SHAPE_MIN?
p4_partLogLike()  aTree->root->cl[pNum 0][rate 0][symb 3][seqPos 182]  -2.41859e-70
Try raising var.PIVEC_MIN, var.RATE_MIN, var.BRLEN_MIN, or var.GAMMA_SHAPE_MIN?
p4_partLogLike()  aTree->root->cl[pNum 0][rate 1][symb 3][seqPos 182]  -2.92606e-70
Try raising var.PIVEC_MIN, var.RATE_MIN, var.BRLEN_MIN, or var.GAMMA_SHAPE_MIN?
p4_partLogLike()  aTree->root->cl[pNum 0][rate 2][symb 3][seqPos 182]  -3.29083e-70
Try raising var.PIVEC_MIN, var.RATE_MIN, var.BRLEN_MIN, or var.GAMMA_SHAPE_MIN?
p4_partLogLike()  aTree->root->cl[pNum 0][rate 3][symb 3][seqPos 182]  -3.81143e-70
Try raising var.PIVEC_MIN, var.RATE_MIN, var.BRLEN_MIN, or var.GAMMA_SHAPE_MIN?
p4_partLogLike()  aTree->root->cl[pNum 0][rate 0][symb 3][seqPos 184]  -1.77952e-82
Try raising var.PIVEC_MIN, var.RATE_MIN, var.BRLEN_MIN, or var.GAMMA_SHAPE_MIN?
p4_partLogLike()  aTree->root->cl[pNum 0][rate 1][symb 3][seqPos 184]  -2.48549e-82
Try raising var.PIVEC_MIN, var.RATE_MIN, var.BRLEN_MIN, or var.GAMMA_SHAPE_MIN?
p4_partLogLike()  aTree->root->cl[pNum 0][rate 2][symb 3][seqPos 184]  -3.09811e-82
Try raising var.PIVEC_MIN, var.RATE_MIN, var.BRLEN_MIN, or var.GAMMA_SHAPE_MIN?
p4_partLogLike()  aTree->root->cl[pNum 0][rate 3][symb 3][seqPos 184]  -4.21589e-82
Try raising var.PIVEC_MIN, var.RATE_MIN, var.BRLEN_MIN, or var.GAMMA_SHAPE_MIN?
p4_partLogLike()  aTree->root->cl[pNum 0][rate 0][symb 0][seqPos 185]  -9.51484e-64
Try raising var.PIVEC_MIN, var.RATE_MIN, var.BRLEN_MIN, or var.GAMMA_SHAPE_MIN?
p4_partLogLike()  aTree->root->cl[pNum 0][rate 0][symb 1][seqPos 185]  -1.29238e-62
Try raising var.PIVEC_MIN, var.RATE_MIN, var.BRLEN_MIN, or var.GAMMA_SHAPE_MIN?
p4_partLogLike()  aTree->root->cl[pNum 0][rate 0][symb 2][seqPos 185]  -1.5254e-64
Try raising var.PIVEC_MIN, var.RATE_MIN, var.BRLEN_MIN, or var.GAMMA_SHAPE_MIN?
p4_partLogLike()  aTree->root->cl[pNum 0][rate 0][symb 3][seqPos 185]  -2.76243e-75
Try raising var.PIVEC_MIN, var.RATE_MIN, var.BRLEN_MIN, or var.GAMMA_SHAPE_MIN?
p4_partLogLike()  aTree->root->cl[pNum 0][rate 1][symb 0][seqPos 185]  -9.99204e-64
Try raising var.PIVEC_MIN, var.RATE_MIN, var.BRLEN_MIN, or var.GAMMA_SHAPE_MIN?
p4_partLogLike()  aTree->root->cl[pNum 0][rate 1][symb 1][seqPos 185]  -1.2613e-62
Try raising var.PIVEC_MIN, var.RATE_MIN, var.BRLEN_MIN, or var.GAMMA_SHAPE_MIN?
p4_partLogLike()  aTree->root->cl[pNum 0][rate 1][symb 2][seqPos 185]  -1.77412e-64
Try raising var.PIVEC_MIN, var.RATE_MIN, var.BRLEN_MIN, or var.GAMMA_SHAPE_MIN?
p4_partLogLike()  aTree->root->cl[pNum 0][rate 1][symb 3][seqPos 185]  -2.95721e-75
Try raising var.PIVEC_MIN, var.RATE_MIN, var.BRLEN_MIN, or var.GAMMA_SHAPE_MIN?
p4_partLogLike()  aTree->root->cl[pNum 0][rate 2][symb 0][seqPos 185]  -1.01279e-63
Try raising var.PIVEC_MIN, var.RATE_MIN, var.BRLEN_MIN, or var.GAMMA_SHAPE_MIN?
p4_partLogLike()  aTree->root->cl[pNum 0][rate 2][symb 1][seqPos 185]  -1.21895e-62
Try raising var.PIVEC_MIN, var.RATE_MIN, var.BRLEN_MIN, or var.GAMMA_SHAPE_MIN?
p4_partLogLike()  aTree->root->cl[pNum 0][rate 2][symb 2][seqPos 185]  -1.93083e-64
Try raising var.PIVEC_MIN, var.RATE_MIN, var.BRLEN_MIN, or var.GAMMA_SHAPE_MIN?
p4_partLogLike()  aTree->root->cl[pNum 0][rate 2][symb 3][seqPos 185]  -3.0463e-75
Try raising var.PIVEC_MIN, var.RATE_MIN, var.BRLEN_MIN, or var.GAMMA_SHAPE_MIN?
p4_partLogLike()  aTree->root->cl[pNum 0][rate 3][symb 0][seqPos 185]  -1.00528e-63
Try raising var.PIVEC_MIN, var.RATE_MIN, var.BRLEN_MIN, or var.GAMMA_SHAPE_MIN?
p4_partLogLike()  aTree->root->cl[pNum 0][rate 3][symb 1][seqPos 185]  -1.13529e-62
Try raising var.PIVEC_MIN, var.RATE_MIN, var.BRLEN_MIN, or var.GAMMA_SHAPE_MIN?
p4_partLogLike()  aTree->root->cl[pNum 0][rate 3][symb 2][seqPos 185]  -2.13e-64
Try raising var.PIVEC_MIN, var.RATE_MIN, var.BRLEN_MIN, or var.GAMMA_SHAPE_MIN?
p4_partLogLike()  aTree->root->cl[pNum 0][rate 3][symb 3][seqPos 185]  -3.10517e-75
Try raising var.PIVEC_MIN, var.RATE_MIN, var.BRLEN_MIN, or var.GAMMA_SHAPE_MIN?
p4_partLogLike()  aTree->root->cl[pNum 0][rate 0][symb 3][seqPos 186]  -4.22221e-70
Try raising var.PIVEC_MIN, var.RATE_MIN, var.BRLEN_MIN, or var.GAMMA_SHAPE_MIN?
p4_partLogLike()  aTree->root->cl[pNum 0][rate 1][symb 3][seqPos 186]  -5.45954e-70
Try raising var.PIVEC_MIN, var.RATE_MIN, var.BRLEN_MIN, or var.GAMMA_SHAPE_MIN?
p4_partLogLike()  aTree->root->cl[pNum 0][rate 2][symb 3][seqPos 186]  -6.44327e-70
Try raising var.PIVEC_MIN, var.RATE_MIN, var.BRLEN_MIN, or var.GAMMA_SHAPE_MIN?
p4_partLogLike()  aTree->root->cl[pNum 0][rate 3][symb 3][seqPos 186]  -8.0791e-70
Try raising var.PIVEC_MIN, var.RATE_MIN, var.BRLEN_MIN, or var.GAMMA_SHAPE_MIN?
p4_partLogLike()  aTree->root->cl[pNum 0][rate 0][symb 3][seqPos 187]  -4.6078e-48
Try raising var.PIVEC_MIN, var.RATE_MIN, var.BRLEN_MIN, or var.GAMMA_SHAPE_MIN?
p4_partLogLike()  aTree->root->cl[pNum 0][rate 1][symb 3][seqPos 187]  -4.95898e-48
Try raising var.PIVEC_MIN, var.RATE_MIN, var.BRLEN_MIN, or var.GAMMA_SHAPE_MIN?
p4_partLogLike()  aTree->root->cl[pNum 0][rate 2][symb 3][seqPos 187]  -5.12292e-48
Try raising var.PIVEC_MIN, var.RATE_MIN, var.BRLEN_MIN, or var.GAMMA_SHAPE_MIN?
p4_partLogLike()  aTree->root->cl[pNum 0][rate 3][symb 3][seqPos 187]  -5.22805e-48
Try raising var.PIVEC_MIN, var.RATE_MIN, var.BRLEN_MIN, or var.GAMMA_SHAPE_MIN?
p4_partLogLike()  aTree->root->cl[pNum 0][rate 0][symb 3][seqPos 188]  -3.97403e-74
Try raising var.PIVEC_MIN, var.RATE_MIN, var.BRLEN_MIN, or var.GAMMA_SHAPE_MIN?
p4_partLogLike()  aTree->root->cl[pNum 0][rate 1][symb 3][seqPos 188]  -5.9801e-74
Try raising var.PIVEC_MIN, var.RATE_MIN, var.BRLEN_MIN, or var.GAMMA_SHAPE_MIN?
p4_partLogLike()  aTree->root->cl[pNum 0][rate 2][symb 3][seqPos 188]  -7.80821e-74
Try raising var.PIVEC_MIN, var.RATE_MIN, var.BRLEN_MIN, or var.GAMMA_SHAPE_MIN?
p4_partLogLike()  aTree->root->cl[pNum 0][rate 3][symb 3][seqPos 188]  -1.12825e-73
Try raising var.PIVEC_MIN, var.RATE_MIN, var.BRLEN_MIN, or var.GAMMA_SHAPE_MIN?
p4_partLogLike()  aTree->root->cl[pNum 0][rate 0][symb 3][seqPos 189]  -4.01779e-86
Try raising var.PIVEC_MIN, var.RATE_MIN, var.BRLEN_MIN, or var.GAMMA_SHAPE_MIN?
p4_partLogLike()  aTree->root->cl[pNum 0][rate 1][symb 3][seqPos 189]  -6.98295e-86
Try raising var.PIVEC_MIN, var.RATE_MIN, var.BRLEN_MIN, or var.GAMMA_SHAPE_MIN?
p4_partLogLike()  aTree->root->cl[pNum 0][rate 2][symb 3][seqPos 189]  -1.00392e-85
Try raising var.PIVEC_MIN, var.RATE_MIN, var.BRLEN_MIN, or var.GAMMA_SHAPE_MIN?
p4_partLogLike()  aTree->root->cl[pNum 0][rate 3][symb 3][seqPos 189]  -1.66403e-85
Try raising var.PIVEC_MIN, var.RATE_MIN, var.BRLEN_MIN, or var.GAMMA_SHAPE_MIN?
p4_partLogLike()  aTree->root->cl[pNum 0][rate 0][symb 3][seqPos 190]  -2.29279e-85
Try raising var.PIVEC_MIN, var.RATE_MIN, var.BRLEN_MIN, or var.GAMMA_SHAPE_MIN?
p4_partLogLike()  aTree->root->cl[pNum 0][rate 1][symb 3][seqPos 190]  -3.73449e-85
Try raising var.PIVEC_MIN, var.RATE_MIN, var.BRLEN_MIN, or var.GAMMA_SHAPE_MIN?
p4_partLogLike()  aTree->root->cl[pNum 0][rate 2][symb 3][seqPos 190]  -5.14411e-85
Try raising var.PIVEC_MIN, var.RATE_MIN, var.BRLEN_MIN, or var.GAMMA_SHAPE_MIN?
p4_partLogLike()  aTree->root->cl[pNum 0][rate 3][symb 3][seqPos 190]  -8.03194e-85
Try raising var.PIVEC_MIN, var.RATE_MIN, var.BRLEN_MIN, or var.GAMMA_SHAPE_MIN?
p4_partLogLike()  aTree->root->cl[pNum 0][rate 0][symb 3][seqPos 192]  -1.82706e-87
Try raising var.PIVEC_MIN, var.RATE_MIN, var.BRLEN_MIN, or var.GAMMA_SHAPE_MIN?
p4_partLogLike()  aTree->root->cl[pNum 0][rate 1][symb 3][seqPos 192]  -2.17976e-87
Try raising var.PIVEC_MIN, var.RATE_MIN, var.BRLEN_MIN, or var.GAMMA_SHAPE_MIN?
p4_partLogLike()  aTree->root->cl[pNum 0][rate 2][symb 3][seqPos 192]  -2.42349e-87
Try raising var.PIVEC_MIN, var.RATE_MIN, var.BRLEN_MIN, or var.GAMMA_SHAPE_MIN?
p4_partLogLike()  aTree->root->cl[pNum 0][rate 3][symb 3][seqPos 192]  -2.76936e-87
Try raising var.PIVEC_MIN, var.RATE_MIN, var.BRLEN_MIN, or var.GAMMA_SHAPE_MIN?
p4_partLogLike()  aTree->root->cl[pNum 0][rate 0][symb 0][seqPos 193]  -1.28486e-95
Try raising var.PIVEC_MIN, var.RATE_MIN, var.BRLEN_MIN, or var.GAMMA_SHAPE_MIN?
p4_partLogLike()  aTree->root->cl[pNum 0][rate 0][symb 1][seqPos 193]  -1.28556e-98
Try raising var.PIVEC_MIN, var.RATE_MIN, var.BRLEN_MIN, or var.GAMMA_SHAPE_MIN?
p4_partLogLike()  aTree->root->cl[pNum 0][rate 0][symb 2][seqPos 193]  -1.12266e-97
Try raising var.PIVEC_MIN, var.RATE_MIN, var.BRLEN_MIN, or var.GAMMA_SHAPE_MIN?
p4_partLogLike()  aTree->root->cl[pNum 0][rate 0][symb 3][seqPos 193]  -3.37812e-97
Try raising var.PIVEC_MIN, var.RATE_MIN, var.BRLEN_MIN, or var.GAMMA_SHAPE_MIN?
p4_partLogLike()  aTree->root->cl[pNum 0][rate 1][symb 0][seqPos 193]  -1.07279e-95
Try raising var.PIVEC_MIN, var.RATE_MIN, var.BRLEN_MIN, or var.GAMMA_SHAPE_MIN?
p4_partLogLike()  aTree->root->cl[pNum 0][rate 1][symb 1][seqPos 193]  -1.30388e-98
Try raising var.PIVEC_MIN, var.RATE_MIN, var.BRLEN_MIN, or var.GAMMA_SHAPE_MIN?
p4_partLogLike()  aTree->root->cl[pNum 0][rate 1][symb 2][seqPos 193]  -1.13606e-97
Try raising var.PIVEC_MIN, var.RATE_MIN, var.BRLEN_MIN, or var.GAMMA_SHAPE_MIN?
p4_partLogLike()  aTree->root->cl[pNum 0][rate 1][symb 3][seqPos 193]  -3.17956e-97
Try raising var.PIVEC_MIN, var.RATE_MIN, var.BRLEN_MIN, or var.GAMMA_SHAPE_MIN?
p4_partLogLike()  aTree->root->cl[pNum 0][rate 2][symb 0][seqPos 193]  -9.35346e-96
Try raising var.PIVEC_MIN, var.RATE_MIN, var.BRLEN_MIN, or var.GAMMA_SHAPE_MIN?
p4_partLogLike()  aTree->root->cl[pNum 0][rate 2][symb 1][seqPos 193]  -1.29996e-98
Try raising var.PIVEC_MIN, var.RATE_MIN, var.BRLEN_MIN, or var.GAMMA_SHAPE_MIN?
p4_partLogLike()  aTree->root->cl[pNum 0][rate 2][symb 2][seqPos 193]  -1.13157e-97
Try raising var.PIVEC_MIN, var.RATE_MIN, var.BRLEN_MIN, or var.GAMMA_SHAPE_MIN?
p4_partLogLike()  aTree->root->cl[pNum 0][rate 2][symb 3][seqPos 193]  -3.0104e-97
Try raising var.PIVEC_MIN, var.RATE_MIN, var.BRLEN_MIN, or var.GAMMA_SHAPE_MIN?
p4_partLogLike()  aTree->root->cl[pNum 0][rate 3][symb 0][seqPos 193]  -7.54772e-96
Try raising var.PIVEC_MIN, var.RATE_MIN, var.BRLEN_MIN, or var.GAMMA_SHAPE_MIN?
p4_partLogLike()  aTree->root->cl[pNum 0][rate 3][symb 1][seqPos 193]  -1.27517e-98
Try raising var.PIVEC_MIN, var.RATE_MIN, var.BRLEN_MIN, or var.GAMMA_SHAPE_MIN?
p4_partLogLike()  aTree->root->cl[pNum 0][rate 3][symb 2][seqPos 193]  -1.10776e-97
Try raising var.PIVEC_MIN, var.RATE_MIN, var.BRLEN_MIN, or var.GAMMA_SHAPE_MIN?
p4_partLogLike()  aTree->root->cl[pNum 0][rate 3][symb 3][seqPos 193]  -2.73814e-97
Try raising var.PIVEC_MIN, var.RATE_MIN, var.BRLEN_MIN, or var.GAMMA_SHAPE_MIN?
p4_partLogLike()  aTree->root->cl[pNum 0][rate 0][symb 0][seqPos 196]  -2.28842e-69
Try raising var.PIVEC_MIN, var.RATE_MIN, var.BRLEN_MIN, or var.GAMMA_SHAPE_MIN?
p4_partLogLike()  aTree->root->cl[pNum 0][rate 0][symb 1][seqPos 196]  -1.23966e-69
Try raising var.PIVEC_MIN, var.RATE_MIN, var.BRLEN_MIN, or var.GAMMA_SHAPE_MIN?
p4_partLogLike()  aTree->root->cl[pNum 0][rate 0][symb 2][seqPos 196]  -3.68126e-68
Try raising var.PIVEC_MIN, var.RATE_MIN, var.BRLEN_MIN, or var.GAMMA_SHAPE_MIN?
p4_partLogLike()  aTree->root->cl[pNum 0][rate 0][symb 3][seqPos 196]  -3.24729e-29
Try raising var.PIVEC_MIN, var.RATE_MIN, var.BRLEN_MIN, or var.GAMMA_SHAPE_MIN?
p4_partLogLike()  aTree->root->cl[pNum 0][rate 1][symb 0][seqPos 196]  -3.16779e-69
Try raising var.PIVEC_MIN, var.RATE_MIN, var.BRLEN_MIN, or var.GAMMA_SHAPE_MIN?
p4_partLogLike()  aTree->root->cl[pNum 0][rate 1][symb 1][seqPos 196]  -1.70851e-69
Try raising var.PIVEC_MIN, var.RATE_MIN, var.BRLEN_MIN, or var.GAMMA_SHAPE_MIN?
p4_partLogLike()  aTree->root->cl[pNum 0][rate 1][symb 2][seqPos 196]  -4.55428e-68
Try raising var.PIVEC_MIN, var.RATE_MIN, var.BRLEN_MIN, or var.GAMMA_SHAPE_MIN?
p4_partLogLike()  aTree->root->cl[pNum 0][rate 1][symb 3][seqPos 196]  -3.74197e-29
Try raising var.PIVEC_MIN, var.RATE_MIN, var.BRLEN_MIN, or var.GAMMA_SHAPE_MIN?
p4_partLogLike()  aTree->root->cl[pNum 0][rate 2][symb 0][seqPos 196]  -3.9453e-69
Try raising var.PIVEC_MIN, var.RATE_MIN, var.BRLEN_MIN, or var.GAMMA_SHAPE_MIN?
p4_partLogLike()  aTree->root->cl[pNum 0][rate 2][symb 1][seqPos 196]  -2.12122e-69
Try raising var.PIVEC_MIN, var.RATE_MIN, var.BRLEN_MIN, or var.GAMMA_SHAPE_MIN?
p4_partLogLike()  aTree->root->cl[pNum 0][rate 2][symb 2][seqPos 196]  -5.24965e-68
Try raising var.PIVEC_MIN, var.RATE_MIN, var.BRLEN_MIN, or var.GAMMA_SHAPE_MIN?
p4_partLogLike()  aTree->root->cl[pNum 0][rate 2][symb 3][seqPos 196]  -4.10194e-29
Try raising var.PIVEC_MIN, var.RATE_MIN, var.BRLEN_MIN, or var.GAMMA_SHAPE_MIN?
p4_partLogLike()  aTree->root->cl[pNum 0][rate 3][symb 0][seqPos 196]  -5.39562e-69
Try raising var.PIVEC_MIN, var.RATE_MIN, var.BRLEN_MIN, or var.GAMMA_SHAPE_MIN?
p4_partLogLike()  aTree->root->cl[pNum 0][rate 3][symb 1][seqPos 196]  -2.8931e-69
Try raising var.PIVEC_MIN, var.RATE_MIN, var.BRLEN_MIN, or var.GAMMA_SHAPE_MIN?
p4_partLogLike()  aTree->root->cl[pNum 0][rate 3][symb 2][seqPos 196]  -6.42381e-68
Try raising var.PIVEC_MIN, var.RATE_MIN, var.BRLEN_MIN, or var.GAMMA_SHAPE_MIN?
p4_partLogLike()  aTree->root->cl[pNum 0][rate 3][symb 3][seqPos 196]  -4.65239e-29
Try raising var.PIVEC_MIN, var.RATE_MIN, var.BRLEN_MIN, or var.GAMMA_SHAPE_MIN?
p4_partLogLike()  aTree->root->cl[pNum 0][rate 0][symb 3][seqPos 197]  -2.28369e-44
Try raising var.PIVEC_MIN, var.RATE_MIN, var.BRLEN_MIN, or var.GAMMA_SHAPE_MIN?
p4_partLogLike()  aTree->root->cl[pNum 0][rate 1][symb 3][seqPos 197]  -2.80014e-44
Try raising var.PIVEC_MIN, var.RATE_MIN, var.BRLEN_MIN, or var.GAMMA_SHAPE_MIN?
p4_partLogLike()  aTree->root->cl[pNum 0][rate 2][symb 3][seqPos 197]  -3.17985e-44
Try raising var.PIVEC_MIN, var.RATE_MIN, var.BRLEN_MIN, or var.GAMMA_SHAPE_MIN?
p4_partLogLike()  aTree->root->cl[pNum 0][rate 3][symb 3][seqPos 197]  -3.75725e-44
Try raising var.PIVEC_MIN, var.RATE_MIN, var.BRLEN_MIN, or var.GAMMA_SHAPE_MIN?
p4_partLogLike()  aTree->root->cl[pNum 0][rate 0][symb 3][seqPos 199]  -8.63354e-73
Try raising var.PIVEC_MIN, var.RATE_MIN, var.BRLEN_MIN, or var.GAMMA_SHAPE_MIN?
p4_partLogLike()  aTree->root->cl[pNum 0][rate 1][symb 3][seqPos 199]  -1.24782e-72
Try raising var.PIVEC_MIN, var.RATE_MIN, var.BRLEN_MIN, or var.GAMMA_SHAPE_MIN?
p4_partLogLike()  aTree->root->cl[pNum 0][rate 2][symb 3][seqPos 199]  -1.58599e-72
Try raising var.PIVEC_MIN, var.RATE_MIN, var.BRLEN_MIN, or var.GAMMA_SHAPE_MIN?
p4_partLogLike()  aTree->root->cl[pNum 0][rate 3][symb 3][seqPos 199]  -2.21205e-72
Try raising var.PIVEC_MIN, var.RATE_MIN, var.BRLEN_MIN, or var.GAMMA_SHAPE_MIN?
p4_partLogLike()  aTree->root->cl[pNum 0][rate 0][symb 3][seqPos 204]  -1.84959e-63
Try raising var.PIVEC_MIN, var.RATE_MIN, var.BRLEN_MIN, or var.GAMMA_SHAPE_MIN?
p4_partLogLike()  aTree->root->cl[pNum 0][rate 1][symb 3][seqPos 204]  -2.11957e-63
Try raising var.PIVEC_MIN, var.RATE_MIN, var.BRLEN_MIN, or var.GAMMA_SHAPE_MIN?
p4_partLogLike()  aTree->root->cl[pNum 0][rate 2][symb 3][seqPos 204]  -2.28783e-63
Try raising var.PIVEC_MIN, var.RATE_MIN, var.BRLEN_MIN, or var.GAMMA_SHAPE_MIN?
p4_partLogLike()  aTree->root->cl[pNum 0][rate 3][symb 3][seqPos 204]  -2.49711e-63
Try raising var.PIVEC_MIN, var.RATE_MIN, var.BRLEN_MIN, or var.GAMMA_SHAPE_MIN?
p4_partLogLike()  aTree->root->cl[pNum 0][rate 0][symb 3][seqPos 205]  -1.69234e-15
Try raising var.PIVEC_MIN, var.RATE_MIN, var.BRLEN_MIN, or var.GAMMA_SHAPE_MIN?
p4_partLogLike()  aTree->root->cl[pNum 0][rate 1][symb 3][seqPos 205]  -1.81882e-15
Try raising var.PIVEC_MIN, var.RATE_MIN, var.BRLEN_MIN, or var.GAMMA_SHAPE_MIN?
p4_partLogLike()  aTree->root->cl[pNum 0][rate 2][symb 3][seqPos 205]  -1.90277e-15
Try raising var.PIVEC_MIN, var.RATE_MIN, var.BRLEN_MIN, or var.GAMMA_SHAPE_MIN?
p4_partLogLike()  aTree->root->cl[pNum 0][rate 3][symb 3][seqPos 205]  -2.01928e-15
Try raising var.PIVEC_MIN, var.RATE_MIN, var.BRLEN_MIN, or var.GAMMA_SHAPE_MIN?
p4_partLogLike()  aTree->root->cl[pNum 0][rate 0][symb 3][seqPos 206]  -3.86362e-86
Try raising var.PIVEC_MIN, var.RATE_MIN, var.BRLEN_MIN, or var.GAMMA_SHAPE_MIN?
p4_partLogLike()  aTree->root->cl[pNum 0][rate 1][symb 3][seqPos 206]  -4.90655e-86
Try raising var.PIVEC_MIN, var.RATE_MIN, var.BRLEN_MIN, or var.GAMMA_SHAPE_MIN?
p4_partLogLike()  aTree->root->cl[pNum 0][rate 2][symb 3][seqPos 206]  -5.70134e-86
Try raising var.PIVEC_MIN, var.RATE_MIN, var.BRLEN_MIN, or var.GAMMA_SHAPE_MIN?
p4_partLogLike()  aTree->root->cl[pNum 0][rate 3][symb 3][seqPos 206]  -6.95738e-86
Try raising var.PIVEC_MIN, var.RATE_MIN, var.BRLEN_MIN, or var.GAMMA_SHAPE_MIN?
p4_partLogLike()  aTree->root->cl[pNum 0][rate 0][symb 0][seqPos 209]  -1.78257e-46
Try raising var.PIVEC_MIN, var.RATE_MIN, var.BRLEN_MIN, or var.GAMMA_SHAPE_MIN?
p4_partLogLike()  aTree->root->cl[pNum 0][rate 0][symb 1][seqPos 209]  -5.07375e-49
Try raising var.PIVEC_MIN, var.RATE_MIN, var.BRLEN_MIN, or var.GAMMA_SHAPE_MIN?
p4_partLogLike()  aTree->root->cl[pNum 0][rate 0][symb 2][seqPos 209]  -8.84643e-48
Try raising var.PIVEC_MIN, var.RATE_MIN, var.BRLEN_MIN, or var.GAMMA_SHAPE_MIN?
p4_partLogLike()  aTree->root->cl[pNum 0][rate 0][symb 3][seqPos 209]  -3.48746e-87
Try raising var.PIVEC_MIN, var.RATE_MIN, var.BRLEN_MIN, or var.GAMMA_SHAPE_MIN?
p4_partLogLike()  aTree->root->cl[pNum 0][rate 1][symb 0][seqPos 209]  -1.78587e-46
Try raising var.PIVEC_MIN, var.RATE_MIN, var.BRLEN_MIN, or var.GAMMA_SHAPE_MIN?
p4_partLogLike()  aTree->root->cl[pNum 0][rate 1][symb 1][seqPos 209]  -6.19206e-49
Try raising var.PIVEC_MIN, var.RATE_MIN, var.BRLEN_MIN, or var.GAMMA_SHAPE_MIN?
p4_partLogLike()  aTree->root->cl[pNum 0][rate 1][symb 2][seqPos 209]  -1.01211e-47
Try raising var.PIVEC_MIN, var.RATE_MIN, var.BRLEN_MIN, or var.GAMMA_SHAPE_MIN?
p4_partLogLike()  aTree->root->cl[pNum 0][rate 1][symb 3][seqPos 209]  -4.95563e-87
Try raising var.PIVEC_MIN, var.RATE_MIN, var.BRLEN_MIN, or var.GAMMA_SHAPE_MIN?
p4_partLogLike()  aTree->root->cl[pNum 0][rate 2][symb 0][seqPos 209]  -1.75671e-46
Try raising var.PIVEC_MIN, var.RATE_MIN, var.BRLEN_MIN, or var.GAMMA_SHAPE_MIN?
p4_partLogLike()  aTree->root->cl[pNum 0][rate 2][symb 1][seqPos 209]  -6.97462e-49
Try raising var.PIVEC_MIN, var.RATE_MIN, var.BRLEN_MIN, or var.GAMMA_SHAPE_MIN?
p4_partLogLike()  aTree->root->cl[pNum 0][rate 2][symb 2][seqPos 209]  -1.09183e-47
Try raising var.PIVEC_MIN, var.RATE_MIN, var.BRLEN_MIN, or var.GAMMA_SHAPE_MIN?
p4_partLogLike()  aTree->root->cl[pNum 0][rate 2][symb 3][seqPos 209]  -6.20951e-87
Try raising var.PIVEC_MIN, var.RATE_MIN, var.BRLEN_MIN, or var.GAMMA_SHAPE_MIN?
p4_partLogLike()  aTree->root->cl[pNum 0][rate 3][symb 0][seqPos 209]  -1.67831e-46
Try raising var.PIVEC_MIN, var.RATE_MIN, var.BRLEN_MIN, or var.GAMMA_SHAPE_MIN?
p4_partLogLike()  aTree->root->cl[pNum 0][rate 3][symb 1][seqPos 209]  -8.12513e-49
Try raising var.PIVEC_MIN, var.RATE_MIN, var.BRLEN_MIN, or var.GAMMA_SHAPE_MIN?
p4_partLogLike()  aTree->root->cl[pNum 0][rate 3][symb 2][seqPos 209]  -1.19587e-47
Try raising var.PIVEC_MIN, var.RATE_MIN, var.BRLEN_MIN, or var.GAMMA_SHAPE_MIN?
p4_partLogLike()  aTree->root->cl[pNum 0][rate 3][symb 3][seqPos 209]  -8.41685e-87
Try raising var.PIVEC_MIN, var.RATE_MIN, var.BRLEN_MIN, or var.GAMMA_SHAPE_MIN?
p4_partLogLike()  aTree->root->cl[pNum 0][rate 0][symb 3][seqPos 210]  -1.97519e-95
Try raising var.PIVEC_MIN, var.RATE_MIN, var.BRLEN_MIN, or var.GAMMA_SHAPE_MIN?
p4_partLogLike()  aTree->root->cl[pNum 0][rate 1][symb 3][seqPos 210]  -3.60634e-95
Try raising var.PIVEC_MIN, var.RATE_MIN, var.BRLEN_MIN, or var.GAMMA_SHAPE_MIN?
p4_partLogLike()  aTree->root->cl[pNum 0][rate 2][symb 3][seqPos 210]  -5.37697e-95
Try raising var.PIVEC_MIN, var.RATE_MIN, var.BRLEN_MIN, or var.GAMMA_SHAPE_MIN?
p4_partLogLike()  aTree->root->cl[pNum 0][rate 3][symb 3][seqPos 210]  -9.43215e-95
Try raising var.PIVEC_MIN, var.RATE_MIN, var.BRLEN_MIN, or var.GAMMA_SHAPE_MIN?
p4_partLogLike()  aTree->root->cl[pNum 0][rate 0][symb 3][seqPos 214]  -1.56129e-47
Try raising var.PIVEC_MIN, var.RATE_MIN, var.BRLEN_MIN, or var.GAMMA_SHAPE_MIN?
p4_partLogLike()  aTree->root->cl[pNum 0][rate 1][symb 3][seqPos 214]  -1.96116e-47
Try raising var.PIVEC_MIN, var.RATE_MIN, var.BRLEN_MIN, or var.GAMMA_SHAPE_MIN?
p4_partLogLike()  aTree->root->cl[pNum 0][rate 2][symb 3][seqPos 214]  -2.25569e-47
Try raising var.PIVEC_MIN, var.RATE_MIN, var.BRLEN_MIN, or var.GAMMA_SHAPE_MIN?
p4_partLogLike()  aTree->root->cl[pNum 0][rate 3][symb 3][seqPos 214]  -2.70253e-47
Try raising var.PIVEC_MIN, var.RATE_MIN, var.BRLEN_MIN, or var.GAMMA_SHAPE_MIN?
p4_partLogLike()  aTree->root->cl[pNum 0][rate 0][symb 0][seqPos 215]  -1.50389e-97
Try raising var.PIVEC_MIN, var.RATE_MIN, var.BRLEN_MIN, or var.GAMMA_SHAPE_MIN?
p4_partLogLike()  aTree->root->cl[pNum 0][rate 0][symb 1][seqPos 215]  -9.78193e-101
Try raising var.PIVEC_MIN, var.RATE_MIN, var.BRLEN_MIN, or var.GAMMA_SHAPE_MIN?
p4_partLogLike()  aTree->root->cl[pNum 0][rate 0][symb 2][seqPos 215]  -2.67523e-98
Try raising var.PIVEC_MIN, var.RATE_MIN, var.BRLEN_MIN, or var.GAMMA_SHAPE_MIN?
p4_partLogLike()  aTree->root->cl[pNum 0][rate 1][symb 0][seqPos 215]  -2.15966e-97
Try raising var.PIVEC_MIN, var.RATE_MIN, var.BRLEN_MIN, or var.GAMMA_SHAPE_MIN?
p4_partLogLike()  aTree->root->cl[pNum 0][rate 1][symb 1][seqPos 215]  -1.97081e-100
Try raising var.PIVEC_MIN, var.RATE_MIN, var.BRLEN_MIN, or var.GAMMA_SHAPE_MIN?
p4_partLogLike()  aTree->root->cl[pNum 0][rate 1][symb 2][seqPos 215]  -4.3501e-98
Try raising var.PIVEC_MIN, var.RATE_MIN, var.BRLEN_MIN, or var.GAMMA_SHAPE_MIN?
p4_partLogLike()  aTree->root->cl[pNum 0][rate 2][symb 0][seqPos 215]  -2.72323e-97
Try raising var.PIVEC_MIN, var.RATE_MIN, var.BRLEN_MIN, or var.GAMMA_SHAPE_MIN?
p4_partLogLike()  aTree->root->cl[pNum 0][rate 2][symb 1][seqPos 215]  -3.14743e-100
Try raising var.PIVEC_MIN, var.RATE_MIN, var.BRLEN_MIN, or var.GAMMA_SHAPE_MIN?
p4_partLogLike()  aTree->root->cl[pNum 0][rate 2][symb 2][seqPos 215]  -6.00466e-98
Try raising var.PIVEC_MIN, var.RATE_MIN, var.BRLEN_MIN, or var.GAMMA_SHAPE_MIN?
p4_partLogLike()  aTree->root->cl[pNum 0][rate 3][symb 0][seqPos 215]  -3.78719e-97
Try raising var.PIVEC_MIN, var.RATE_MIN, var.BRLEN_MIN, or var.GAMMA_SHAPE_MIN?
p4_partLogLike()  aTree->root->cl[pNum 0][rate 3][symb 1][seqPos 215]  -6.15179e-100
Try raising var.PIVEC_MIN, var.RATE_MIN, var.BRLEN_MIN, or var.GAMMA_SHAPE_MIN?
p4_partLogLike()  aTree->root->cl[pNum 0][rate 3][symb 2][seqPos 215]  -9.50514e-98
Try raising var.PIVEC_MIN, var.RATE_MIN, var.BRLEN_MIN, or var.GAMMA_SHAPE_MIN?
p4_partLogLike()  aTree->root->cl[pNum 0][rate 0][symb 0][seqPos 216]  -1.53806e-148
Try raising var.PIVEC_MIN, var.RATE_MIN, var.BRLEN_MIN, or var.GAMMA_SHAPE_MIN?
p4_partLogLike()  aTree->root->cl[pNum 0][rate 0][symb 1][seqPos 216]  -1.03183e-147
Try raising var.PIVEC_MIN, var.RATE_MIN, var.BRLEN_MIN, or var.GAMMA_SHAPE_MIN?
p4_partLogLike()  aTree->root->cl[pNum 0][rate 0][symb 2][seqPos 216]  -8.97116e-148
Try raising var.PIVEC_MIN, var.RATE_MIN, var.BRLEN_MIN, or var.GAMMA_SHAPE_MIN?
p4_partLogLike()  aTree->root->cl[pNum 0][rate 1][symb 0][seqPos 216]  -2.50986e-148
Try raising var.PIVEC_MIN, var.RATE_MIN, var.BRLEN_MIN, or var.GAMMA_SHAPE_MIN?
p4_partLogLike()  aTree->root->cl[pNum 0][rate 1][symb 1][seqPos 216]  -1.61375e-147
Try raising var.PIVEC_MIN, var.RATE_MIN, var.BRLEN_MIN, or var.GAMMA_SHAPE_MIN?
p4_partLogLike()  aTree->root->cl[pNum 0][rate 1][symb 2][seqPos 216]  -1.34989e-147
Try raising var.PIVEC_MIN, var.RATE_MIN, var.BRLEN_MIN, or var.GAMMA_SHAPE_MIN?
p4_partLogLike()  aTree->root->cl[pNum 0][rate 2][symb 0][seqPos 216]  -3.54605e-148
Try raising var.PIVEC_MIN, var.RATE_MIN, var.BRLEN_MIN, or var.GAMMA_SHAPE_MIN?
p4_partLogLike()  aTree->root->cl[pNum 0][rate 2][symb 1][seqPos 216]  -2.16436e-147
Try raising var.PIVEC_MIN, var.RATE_MIN, var.BRLEN_MIN, or var.GAMMA_SHAPE_MIN?
p4_partLogLike()  aTree->root->cl[pNum 0][rate 2][symb 2][seqPos 216]  -1.81457e-147
Try raising var.PIVEC_MIN, var.RATE_MIN, var.BRLEN_MIN, or var.GAMMA_SHAPE_MIN?
p4_partLogLike()  aTree->root->cl[pNum 0][rate 3][symb 0][seqPos 216]  -5.0612e-148
Try raising var.PIVEC_MIN, var.RATE_MIN, var.BRLEN_MIN, or var.GAMMA_SHAPE_MIN?
p4_partLogLike()  aTree->root->cl[pNum 0][rate 3][symb 1][seqPos 216]  -2.91174e-147
Try raising var.PIVEC_MIN, var.RATE_MIN, var.BRLEN_MIN, or var.GAMMA_SHAPE_MIN?
p4_partLogLike()  aTree->root->cl[pNum 0][rate 3][symb 2][seqPos 216]  -2.35449e-147
Try raising var.PIVEC_MIN, var.RATE_MIN, var.BRLEN_MIN, or var.GAMMA_SHAPE_MIN?
p4_partLogLike()  aTree->root->cl[pNum 0][rate 0][symb 3][seqPos 221]  -1.26266e-72
Try raising var.PIVEC_MIN, var.RATE_MIN, var.BRLEN_MIN, or var.GAMMA_SHAPE_MIN?
p4_partLogLike()  aTree->root->cl[pNum 0][rate 1][symb 3][seqPos 221]  -1.09858e-72
Try raising var.PIVEC_MIN, var.RATE_MIN, var.BRLEN_MIN, or var.GAMMA_SHAPE_MIN?
p4_partLogLike()  aTree->root->cl[pNum 0][rate 2][symb 3][seqPos 221]  -9.84178e-73
Try raising var.PIVEC_MIN, var.RATE_MIN, var.BRLEN_MIN, or var.GAMMA_SHAPE_MIN?
p4_partLogLike()  aTree->root->cl[pNum 0][rate 3][symb 3][seqPos 221]  -8.21906e-73
Try raising var.PIVEC_MIN, var.RATE_MIN, var.BRLEN_MIN, or var.GAMMA_SHAPE_MIN?
p4_partLogLike()  aTree->root->cl[pNum 0][rate 0][symb 3][seqPos 223]  -1.28666e-68
Try raising var.PIVEC_MIN, var.RATE_MIN, var.BRLEN_MIN, or var.GAMMA_SHAPE_MIN?
p4_partLogLike()  aTree->root->cl[pNum 0][rate 1][symb 3][seqPos 223]  -1.48765e-68
Try raising var.PIVEC_MIN, var.RATE_MIN, var.BRLEN_MIN, or var.GAMMA_SHAPE_MIN?
p4_partLogLike()  aTree->root->cl[pNum 0][rate 2][symb 3][seqPos 223]  -1.62527e-68
Try raising var.PIVEC_MIN, var.RATE_MIN, var.BRLEN_MIN, or var.GAMMA_SHAPE_MIN?
p4_partLogLike()  aTree->root->cl[pNum 0][rate 3][symb 3][seqPos 223]  -1.8193e-68
Try raising var.PIVEC_MIN, var.RATE_MIN, var.BRLEN_MIN, or var.GAMMA_SHAPE_MIN?
p4_partLogLike()  aTree->root->cl[pNum 0][rate 0][symb 3][seqPos 224]  -1.23086e-84
Try raising var.PIVEC_MIN, var.RATE_MIN, var.BRLEN_MIN, or var.GAMMA_SHAPE_MIN?
p4_partLogLike()  aTree->root->cl[pNum 0][rate 1][symb 3][seqPos 224]  -1.5554e-84
Try raising var.PIVEC_MIN, var.RATE_MIN, var.BRLEN_MIN, or var.GAMMA_SHAPE_MIN?
p4_partLogLike()  aTree->root->cl[pNum 0][rate 2][symb 3][seqPos 224]  -1.80144e-84
Try raising var.PIVEC_MIN, var.RATE_MIN, var.BRLEN_MIN, or var.GAMMA_SHAPE_MIN?
p4_partLogLike()  aTree->root->cl[pNum 0][rate 3][symb 3][seqPos 224]  -2.18793e-84
Try raising var.PIVEC_MIN, var.RATE_MIN, var.BRLEN_MIN, or var.GAMMA_SHAPE_MIN?
p4_partLogLike()  aTree->root->cl[pNum 0][rate 0][symb 3][seqPos 226]  -9.43191e-82
Try raising var.PIVEC_MIN, var.RATE_MIN, var.BRLEN_MIN, or var.GAMMA_SHAPE_MIN?
p4_partLogLike()  aTree->root->cl[pNum 0][rate 1][symb 3][seqPos 226]  -1.17404e-81
Try raising var.PIVEC_MIN, var.RATE_MIN, var.BRLEN_MIN, or var.GAMMA_SHAPE_MIN?
p4_partLogLike()  aTree->root->cl[pNum 0][rate 2][symb 3][seqPos 226]  -1.34186e-81
Try raising var.PIVEC_MIN, var.RATE_MIN, var.BRLEN_MIN, or var.GAMMA_SHAPE_MIN?
p4_partLogLike()  aTree->root->cl[pNum 0][rate 3][symb 3][seqPos 226]  -1.59092e-81
Try raising var.PIVEC_MIN, var.RATE_MIN, var.BRLEN_MIN, or var.GAMMA_SHAPE_MIN?
p4_partLogLike()  aTree->root->cl[pNum 0][rate 0][symb 3][seqPos 227]  -6.91762e-86
Try raising var.PIVEC_MIN, var.RATE_MIN, var.BRLEN_MIN, or var.GAMMA_SHAPE_MIN?
p4_partLogLike()  aTree->root->cl[pNum 0][rate 1][symb 3][seqPos 227]  -1.01921e-85
Try raising var.PIVEC_MIN, var.RATE_MIN, var.BRLEN_MIN, or var.GAMMA_SHAPE_MIN?
p4_partLogLike()  aTree->root->cl[pNum 0][rate 2][symb 3][seqPos 227]  -1.31027e-85
Try raising var.PIVEC_MIN, var.RATE_MIN, var.BRLEN_MIN, or var.GAMMA_SHAPE_MIN?
p4_partLogLike()  aTree->root->cl[pNum 0][rate 3][symb 3][seqPos 227]  -1.84952e-85
Try raising var.PIVEC_MIN, var.RATE_MIN, var.BRLEN_MIN, or var.GAMMA_SHAPE_MIN?
p4_partLogLike()  aTree->root->cl[pNum 0][rate 0][symb 3][seqPos 228]  -2.52593e-84
Try raising var.PIVEC_MIN, var.RATE_MIN, var.BRLEN_MIN, or var.GAMMA_SHAPE_MIN?
p4_partLogLike()  aTree->root->cl[pNum 0][rate 1][symb 2][seqPos 228]  -4.7026e-61
Try raising var.PIVEC_MIN, var.RATE_MIN, var.BRLEN_MIN, or var.GAMMA_SHAPE_MIN?
p4_partLogLike()  aTree->root->cl[pNum 0][rate 1][symb 3][seqPos 228]  -3.80617e-84
Try raising var.PIVEC_MIN, var.RATE_MIN, var.BRLEN_MIN, or var.GAMMA_SHAPE_MIN?
p4_partLogLike()  aTree->root->cl[pNum 0][rate 2][symb 2][seqPos 228]  -1.17951e-60
Try raising var.PIVEC_MIN, var.RATE_MIN, var.BRLEN_MIN, or var.GAMMA_SHAPE_MIN?
p4_partLogLike()  aTree->root->cl[pNum 0][rate 2][symb 3][seqPos 228]  -4.97165e-84
Try raising var.PIVEC_MIN, var.RATE_MIN, var.BRLEN_MIN, or var.GAMMA_SHAPE_MIN?
p4_partLogLike()  aTree->root->cl[pNum 0][rate 3][symb 2][seqPos 228]  -2.75995e-60
Try raising var.PIVEC_MIN, var.RATE_MIN, var.BRLEN_MIN, or var.GAMMA_SHAPE_MIN?
p4_partLogLike()  aTree->root->cl[pNum 0][rate 3][symb 3][seqPos 228]  -7.18683e-84
Try raising var.PIVEC_MIN, var.RATE_MIN, var.BRLEN_MIN, or var.GAMMA_SHAPE_MIN?
p4_partLogLike()  aTree->root->cl[pNum 0][rate 0][symb 3][seqPos 230]  -1.2225e-47
Try raising var.PIVEC_MIN, var.RATE_MIN, var.BRLEN_MIN, or var.GAMMA_SHAPE_MIN?
p4_partLogLike()  aTree->root->cl[pNum 0][rate 1][symb 3][seqPos 230]  -1.59298e-47
Try raising var.PIVEC_MIN, var.RATE_MIN, var.BRLEN_MIN, or var.GAMMA_SHAPE_MIN?
p4_partLogLike()  aTree->root->cl[pNum 0][rate 2][symb 3][seqPos 230]  -1.87756e-47
Try raising var.PIVEC_MIN, var.RATE_MIN, var.BRLEN_MIN, or var.GAMMA_SHAPE_MIN?
p4_partLogLike()  aTree->root->cl[pNum 0][rate 3][symb 3][seqPos 230]  -2.32692e-47
Try raising var.PIVEC_MIN, var.RATE_MIN, var.BRLEN_MIN, or var.GAMMA_SHAPE_MIN?
p4_partLogLike()  aTree->root->cl[pNum 0][rate 0][symb 3][seqPos 233]  -3.9231e-73
Try raising var.PIVEC_MIN, var.RATE_MIN, var.BRLEN_MIN, or var.GAMMA_SHAPE_MIN?
p4_partLogLike()  aTree->root->cl[pNum 0][rate 1][symb 3][seqPos 233]  -6.35707e-73
Try raising var.PIVEC_MIN, var.RATE_MIN, var.BRLEN_MIN, or var.GAMMA_SHAPE_MIN?
p4_partLogLike()  aTree->root->cl[pNum 0][rate 2][symb 3][seqPos 233]  -8.71629e-73
Try raising var.PIVEC_MIN, var.RATE_MIN, var.BRLEN_MIN, or var.GAMMA_SHAPE_MIN?
p4_partLogLike()  aTree->root->cl[pNum 0][rate 3][symb 3][seqPos 233]  -1.3533e-72
Try raising var.PIVEC_MIN, var.RATE_MIN, var.BRLEN_MIN, or var.GAMMA_SHAPE_MIN?
p4_partLogLike()  aTree->root->cl[pNum 0][rate 0][symb 3][seqPos 235]  -1.24599e-83
Try raising var.PIVEC_MIN, var.RATE_MIN, var.BRLEN_MIN, or var.GAMMA_SHAPE_MIN?
p4_partLogLike()  aTree->root->cl[pNum 0][rate 1][symb 3][seqPos 235]  -1.71652e-83
Try raising var.PIVEC_MIN, var.RATE_MIN, var.BRLEN_MIN, or var.GAMMA_SHAPE_MIN?
p4_partLogLike()  aTree->root->cl[pNum 0][rate 2][symb 3][seqPos 235]  -2.11296e-83
Try raising var.PIVEC_MIN, var.RATE_MIN, var.BRLEN_MIN, or var.GAMMA_SHAPE_MIN?
p4_partLogLike()  aTree->root->cl[pNum 0][rate 3][symb 3][seqPos 235]  -2.81112e-83
Try raising var.PIVEC_MIN, var.RATE_MIN, var.BRLEN_MIN, or var.GAMMA_SHAPE_MIN?
p4_partLogLike()  aTree->root->cl[pNum 0][rate 0][symb 3][seqPos 237]  -5.57074e-82
Try raising var.PIVEC_MIN, var.RATE_MIN, var.BRLEN_MIN, or var.GAMMA_SHAPE_MIN?
p4_partLogLike()  aTree->root->cl[pNum 0][rate 1][symb 3][seqPos 237]  -9.14277e-82
Try raising var.PIVEC_MIN, var.RATE_MIN, var.BRLEN_MIN, or var.GAMMA_SHAPE_MIN?
p4_partLogLike()  aTree->root->cl[pNum 0][rate 2][symb 3][seqPos 237]  -1.27376e-81
Try raising var.PIVEC_MIN, var.RATE_MIN, var.BRLEN_MIN, or var.GAMMA_SHAPE_MIN?
p4_partLogLike()  aTree->root->cl[pNum 0][rate 3][symb 3][seqPos 237]  -2.04009e-81
Try raising var.PIVEC_MIN, var.RATE_MIN, var.BRLEN_MIN, or var.GAMMA_SHAPE_MIN?
p4_partLogLike()  aTree->root->cl[pNum 0][rate 0][symb 3][seqPos 238]  -4.36298e-45
Try raising var.PIVEC_MIN, var.RATE_MIN, var.BRLEN_MIN, or var.GAMMA_SHAPE_MIN?
p4_partLogLike()  aTree->root->cl[pNum 0][rate 1][symb 3][seqPos 238]  -5.35669e-45
Try raising var.PIVEC_MIN, var.RATE_MIN, var.BRLEN_MIN, or var.GAMMA_SHAPE_MIN?
p4_partLogLike()  aTree->root->cl[pNum 0][rate 2][symb 3][seqPos 238]  -6.09338e-45
Try raising var.PIVEC_MIN, var.RATE_MIN, var.BRLEN_MIN, or var.GAMMA_SHAPE_MIN?
p4_partLogLike()  aTree->root->cl[pNum 0][rate 3][symb 3][seqPos 238]  -7.22926e-45
Try raising var.PIVEC_MIN, var.RATE_MIN, var.BRLEN_MIN, or var.GAMMA_SHAPE_MIN?
p4_partLogLike()  aTree->root->cl[pNum 0][rate 0][symb 0][seqPos 244]  -9.12715e-110
Try raising var.PIVEC_MIN, var.RATE_MIN, var.BRLEN_MIN, or var.GAMMA_SHAPE_MIN?
p4_partLogLike()  aTree->root->cl[pNum 0][rate 0][symb 1][seqPos 244]  -1.52947e-109
Try raising var.PIVEC_MIN, var.RATE_MIN, var.BRLEN_MIN, or var.GAMMA_SHAPE_MIN?
p4_partLogLike()  aTree->root->cl[pNum 0][rate 0][symb 2][seqPos 244]  -4.65205e-110
Try raising var.PIVEC_MIN, var.RATE_MIN, var.BRLEN_MIN, or var.GAMMA_SHAPE_MIN?
p4_partLogLike()  aTree->root->cl[pNum 0][rate 1][symb 0][seqPos 244]  -1.51103e-109
Try raising var.PIVEC_MIN, var.RATE_MIN, var.BRLEN_MIN, or var.GAMMA_SHAPE_MIN?
p4_partLogLike()  aTree->root->cl[pNum 0][rate 1][symb 1][seqPos 244]  -2.56069e-109
Try raising var.PIVEC_MIN, var.RATE_MIN, var.BRLEN_MIN, or var.GAMMA_SHAPE_MIN?
p4_partLogLike()  aTree->root->cl[pNum 0][rate 1][symb 2][seqPos 244]  -8.28817e-110
Try raising var.PIVEC_MIN, var.RATE_MIN, var.BRLEN_MIN, or var.GAMMA_SHAPE_MIN?
p4_partLogLike()  aTree->root->cl[pNum 0][rate 2][symb 0][seqPos 244]  -2.12319e-109
Try raising var.PIVEC_MIN, var.RATE_MIN, var.BRLEN_MIN, or var.GAMMA_SHAPE_MIN?
p4_partLogLike()  aTree->root->cl[pNum 0][rate 2][symb 1][seqPos 244]  -3.61873e-109
Try raising var.PIVEC_MIN, var.RATE_MIN, var.BRLEN_MIN, or var.GAMMA_SHAPE_MIN?
p4_partLogLike()  aTree->root->cl[pNum 0][rate 2][symb 2][seqPos 244]  -1.22102e-109
Try raising var.PIVEC_MIN, var.RATE_MIN, var.BRLEN_MIN, or var.GAMMA_SHAPE_MIN?
p4_partLogLike()  aTree->root->cl[pNum 0][rate 3][symb 0][seqPos 244]  -3.4482e-109
Try raising var.PIVEC_MIN, var.RATE_MIN, var.BRLEN_MIN, or var.GAMMA_SHAPE_MIN?
p4_partLogLike()  aTree->root->cl[pNum 0][rate 3][symb 1][seqPos 244]  -5.93479e-109
Try raising var.PIVEC_MIN, var.RATE_MIN, var.BRLEN_MIN, or var.GAMMA_SHAPE_MIN?
p4_partLogLike()  aTree->root->cl[pNum 0][rate 3][symb 2][seqPos 244]  -2.12231e-109
Try raising var.PIVEC_MIN, var.RATE_MIN, var.BRLEN_MIN, or var.GAMMA_SHAPE_MIN?
p4_partLogLike()  aTree->root->cl[pNum 0][rate 0][symb 3][seqPos 247]  -1.75963e-54
Try raising var.PIVEC_MIN, var.RATE_MIN, var.BRLEN_MIN, or var.GAMMA_SHAPE_MIN?
p4_partLogLike()  aTree->root->cl[pNum 0][rate 1][symb 3][seqPos 247]  -2.39724e-54
Try raising var.PIVEC_MIN, var.RATE_MIN, var.BRLEN_MIN, or var.GAMMA_SHAPE_MIN?
p4_partLogLike()  aTree->root->cl[pNum 0][rate 2][symb 3][seqPos 247]  -2.95138e-54
Try raising var.PIVEC_MIN, var.RATE_MIN, var.BRLEN_MIN, or var.GAMMA_SHAPE_MIN?
p4_partLogLike()  aTree->root->cl[pNum 0][rate 3][symb 3][seqPos 247]  -3.97151e-54
Try raising var.PIVEC_MIN, var.RATE_MIN, var.BRLEN_MIN, or var.GAMMA_SHAPE_MIN?
p4_partLogLike()  aTree->root->cl[pNum 0][rate 0][symb 0][seqPos 248]  -4.0048e-57
Try raising var.PIVEC_MIN, var.RATE_MIN, var.BRLEN_MIN, or var.GAMMA_SHAPE_MIN?
p4_partLogLike()  aTree->root->cl[pNum 0][rate 0][symb 1][seqPos 248]  -3.79689e-54
Try raising var.PIVEC_MIN, var.RATE_MIN, var.BRLEN_MIN, or var.GAMMA_SHAPE_MIN?
p4_partLogLike()  aTree->root->cl[pNum 0][rate 0][symb 2][seqPos 248]  -5.65863e-57
Try raising var.PIVEC_MIN, var.RATE_MIN, var.BRLEN_MIN, or var.GAMMA_SHAPE_MIN?
p4_partLogLike()  aTree->root->cl[pNum 0][rate 0][symb 3][seqPos 248]  -1.51692e-54
Try raising var.PIVEC_MIN, var.RATE_MIN, var.BRLEN_MIN, or var.GAMMA_SHAPE_MIN?
p4_partLogLike()  aTree->root->cl[pNum 0][rate 1][symb 0][seqPos 248]  -5.40271e-57
Try raising var.PIVEC_MIN, var.RATE_MIN, var.BRLEN_MIN, or var.GAMMA_SHAPE_MIN?
p4_partLogLike()  aTree->root->cl[pNum 0][rate 1][symb 1][seqPos 248]  -4.23853e-54
Try raising var.PIVEC_MIN, var.RATE_MIN, var.BRLEN_MIN, or var.GAMMA_SHAPE_MIN?
p4_partLogLike()  aTree->root->cl[pNum 0][rate 1][symb 2][seqPos 248]  -7.60825e-57
Try raising var.PIVEC_MIN, var.RATE_MIN, var.BRLEN_MIN, or var.GAMMA_SHAPE_MIN?
p4_partLogLike()  aTree->root->cl[pNum 0][rate 1][symb 3][seqPos 248]  -1.83498e-54
Try raising var.PIVEC_MIN, var.RATE_MIN, var.BRLEN_MIN, or var.GAMMA_SHAPE_MIN?
p4_partLogLike()  aTree->root->cl[pNum 0][rate 2][symb 0][seqPos 248]  -6.60752e-57
Try raising var.PIVEC_MIN, var.RATE_MIN, var.BRLEN_MIN, or var.GAMMA_SHAPE_MIN?
p4_partLogLike()  aTree->root->cl[pNum 0][rate 2][symb 1][seqPos 248]  -4.55019e-54
Try raising var.PIVEC_MIN, var.RATE_MIN, var.BRLEN_MIN, or var.GAMMA_SHAPE_MIN?
p4_partLogLike()  aTree->root->cl[pNum 0][rate 2][symb 2][seqPos 248]  -9.26563e-57
Try raising var.PIVEC_MIN, var.RATE_MIN, var.BRLEN_MIN, or var.GAMMA_SHAPE_MIN?
p4_partLogLike()  aTree->root->cl[pNum 0][rate 2][symb 3][seqPos 248]  -2.0777e-54
Try raising var.PIVEC_MIN, var.RATE_MIN, var.BRLEN_MIN, or var.GAMMA_SHAPE_MIN?
p4_partLogLike()  aTree->root->cl[pNum 0][rate 3][symb 0][seqPos 248]  -8.77401e-57
Try raising var.PIVEC_MIN, var.RATE_MIN, var.BRLEN_MIN, or var.GAMMA_SHAPE_MIN?
p4_partLogLike()  aTree->root->cl[pNum 0][rate 3][symb 1][seqPos 248]  -5.00985e-54
Try raising var.PIVEC_MIN, var.RATE_MIN, var.BRLEN_MIN, or var.GAMMA_SHAPE_MIN?
p4_partLogLike()  aTree->root->cl[pNum 0][rate 3][symb 2][seqPos 248]  -1.22555e-56
Try raising var.PIVEC_MIN, var.RATE_MIN, var.BRLEN_MIN, or var.GAMMA_SHAPE_MIN?
p4_partLogLike()  aTree->root->cl[pNum 0][rate 3][symb 3][seqPos 248]  -2.4642e-54
Try raising var.PIVEC_MIN, var.RATE_MIN, var.BRLEN_MIN, or var.GAMMA_SHAPE_MIN?
p4_partLogLike()  aTree->root->cl[pNum 0][rate 0][symb 0][seqPos 249]  -5.62378e-82
Try raising var.PIVEC_MIN, var.RATE_MIN, var.BRLEN_MIN, or var.GAMMA_SHAPE_MIN?
p4_partLogLike()  aTree->root->cl[pNum 0][rate 0][symb 1][seqPos 249]  -3.67482e-84
Try raising var.PIVEC_MIN, var.RATE_MIN, var.BRLEN_MIN, or var.GAMMA_SHAPE_MIN?
p4_partLogLike()  aTree->root->cl[pNum 0][rate 0][symb 2][seqPos 249]  -4.25802e-82
Try raising var.PIVEC_MIN, var.RATE_MIN, var.BRLEN_MIN, or var.GAMMA_SHAPE_MIN?
p4_partLogLike()  aTree->root->cl[pNum 0][rate 0][symb 3][seqPos 249]  -1.58866e-82
Try raising var.PIVEC_MIN, var.RATE_MIN, var.BRLEN_MIN, or var.GAMMA_SHAPE_MIN?
p4_partLogLike()  aTree->root->cl[pNum 0][rate 1][symb 0][seqPos 249]  -8.41786e-82
Try raising var.PIVEC_MIN, var.RATE_MIN, var.BRLEN_MIN, or var.GAMMA_SHAPE_MIN?
p4_partLogLike()  aTree->root->cl[pNum 0][rate 1][symb 1][seqPos 249]  -6.57088e-84
Try raising var.PIVEC_MIN, var.RATE_MIN, var.BRLEN_MIN, or var.GAMMA_SHAPE_MIN?
p4_partLogLike()  aTree->root->cl[pNum 0][rate 1][symb 2][seqPos 249]  -6.49428e-82
Try raising var.PIVEC_MIN, var.RATE_MIN, var.BRLEN_MIN, or var.GAMMA_SHAPE_MIN?
p4_partLogLike()  aTree->root->cl[pNum 0][rate 1][symb 3][seqPos 249]  -2.58942e-82
Try raising var.PIVEC_MIN, var.RATE_MIN, var.BRLEN_MIN, or var.GAMMA_SHAPE_MIN?
p4_partLogLike()  aTree->root->cl[pNum 0][rate 2][symb 0][seqPos 249]  -1.10054e-81
Try raising var.PIVEC_MIN, var.RATE_MIN, var.BRLEN_MIN, or var.GAMMA_SHAPE_MIN?
p4_partLogLike()  aTree->root->cl[pNum 0][rate 2][symb 1][seqPos 249]  -9.68336e-84
Try raising var.PIVEC_MIN, var.RATE_MIN, var.BRLEN_MIN, or var.GAMMA_SHAPE_MIN?
p4_partLogLike()  aTree->root->cl[pNum 0][rate 2][symb 2][seqPos 249]  -8.58796e-82
Try raising var.PIVEC_MIN, var.RATE_MIN, var.BRLEN_MIN, or var.GAMMA_SHAPE_MIN?
p4_partLogLike()  aTree->root->cl[pNum 0][rate 2][symb 3][seqPos 249]  -3.57846e-82
Try raising var.PIVEC_MIN, var.RATE_MIN, var.BRLEN_MIN, or var.GAMMA_SHAPE_MIN?
p4_partLogLike()  aTree->root->cl[pNum 0][rate 3][symb 0][seqPos 249]  -1.60161e-81
Try raising var.PIVEC_MIN, var.RATE_MIN, var.BRLEN_MIN, or var.GAMMA_SHAPE_MIN?
p4_partLogLike()  aTree->root->cl[pNum 0][rate 3][symb 1][seqPos 249]  -1.67783e-83
Try raising var.PIVEC_MIN, var.RATE_MIN, var.BRLEN_MIN, or var.GAMMA_SHAPE_MIN?
p4_partLogLike()  aTree->root->cl[pNum 0][rate 3][symb 2][seqPos 249]  -1.27442e-81
Try raising var.PIVEC_MIN, var.RATE_MIN, var.BRLEN_MIN, or var.GAMMA_SHAPE_MIN?
p4_partLogLike()  aTree->root->cl[pNum 0][rate 3][symb 3][seqPos 249]  -5.63652e-82
Try raising var.PIVEC_MIN, var.RATE_MIN, var.BRLEN_MIN, or var.GAMMA_SHAPE_MIN?
p4_partLogLike()  aTree->root->cl[pNum 0][rate 0][symb 3][seqPos 250]  -1.8114e-72
Try raising var.PIVEC_MIN, var.RATE_MIN, var.BRLEN_MIN, or var.GAMMA_SHAPE_MIN?
p4_partLogLike()  aTree->root->cl[pNum 0][rate 1][symb 3][seqPos 250]  -2.3262e-72
Try raising var.PIVEC_MIN, var.RATE_MIN, var.BRLEN_MIN, or var.GAMMA_SHAPE_MIN?
p4_partLogLike()  aTree->root->cl[pNum 0][rate 2][symb 3][seqPos 250]  -2.72772e-72
Try raising var.PIVEC_MIN, var.RATE_MIN, var.BRLEN_MIN, or var.GAMMA_SHAPE_MIN?
p4_partLogLike()  aTree->root->cl[pNum 0][rate 3][symb 3][seqPos 250]  -3.3783e-72
Try raising var.PIVEC_MIN, var.RATE_MIN, var.BRLEN_MIN, or var.GAMMA_SHAPE_MIN?
p4_partLogLike()  aTree->root->cl[pNum 0][rate 0][symb 0][seqPos 251]  -8.41127e-121
Try raising var.PIVEC_MIN, var.RATE_MIN, var.BRLEN_MIN, or var.GAMMA_SHAPE_MIN?
p4_partLogLike()  aTree->root->cl[pNum 0][rate 0][symb 1][seqPos 251]  -4.20253e-122
Try raising var.PIVEC_MIN, var.RATE_MIN, var.BRLEN_MIN, or var.GAMMA_SHAPE_MIN?
p4_partLogLike()  aTree->root->cl[pNum 0][rate 0][symb 2][seqPos 251]  -3.72074e-121
Try raising var.PIVEC_MIN, var.RATE_MIN, var.BRLEN_MIN, or var.GAMMA_SHAPE_MIN?
p4_partLogLike()  aTree->root->cl[pNum 0][rate 1][symb 0][seqPos 251]  -1.27107e-120
Try raising var.PIVEC_MIN, var.RATE_MIN, var.BRLEN_MIN, or var.GAMMA_SHAPE_MIN?
p4_partLogLike()  aTree->root->cl[pNum 0][rate 1][symb 1][seqPos 251]  -7.777e-122
Try raising var.PIVEC_MIN, var.RATE_MIN, var.BRLEN_MIN, or var.GAMMA_SHAPE_MIN?
p4_partLogLike()  aTree->root->cl[pNum 0][rate 1][symb 2][seqPos 251]  -6.29498e-121
Try raising var.PIVEC_MIN, var.RATE_MIN, var.BRLEN_MIN, or var.GAMMA_SHAPE_MIN?
p4_partLogLike()  aTree->root->cl[pNum 0][rate 2][symb 0][seqPos 251]  -1.70695e-120
Try raising var.PIVEC_MIN, var.RATE_MIN, var.BRLEN_MIN, or var.GAMMA_SHAPE_MIN?
p4_partLogLike()  aTree->root->cl[pNum 0][rate 2][symb 1][seqPos 251]  -1.15617e-121
Try raising var.PIVEC_MIN, var.RATE_MIN, var.BRLEN_MIN, or var.GAMMA_SHAPE_MIN?
p4_partLogLike()  aTree->root->cl[pNum 0][rate 2][symb 2][seqPos 251]  -9.14911e-121
Try raising var.PIVEC_MIN, var.RATE_MIN, var.BRLEN_MIN, or var.GAMMA_SHAPE_MIN?
p4_partLogLike()  aTree->root->cl[pNum 0][rate 3][symb 0][seqPos 251]  -2.30911e-120
Try raising var.PIVEC_MIN, var.RATE_MIN, var.BRLEN_MIN, or var.GAMMA_SHAPE_MIN?
p4_partLogLike()  aTree->root->cl[pNum 0][rate 3][symb 1][seqPos 251]  -1.84326e-121
Try raising var.PIVEC_MIN, var.RATE_MIN, var.BRLEN_MIN, or var.GAMMA_SHAPE_MIN?
p4_partLogLike()  aTree->root->cl[pNum 0][rate 3][symb 2][seqPos 251]  -1.33618e-120
Try raising var.PIVEC_MIN, var.RATE_MIN, var.BRLEN_MIN, or var.GAMMA_SHAPE_MIN?
p4_partLogLike()  aTree->root->cl[pNum 0][rate 0][symb 3][seqPos 253]  -2.60345e-98
Try raising var.PIVEC_MIN, var.RATE_MIN, var.BRLEN_MIN, or var.GAMMA_SHAPE_MIN?
p4_partLogLike()  aTree->root->cl[pNum 0][rate 1][symb 3][seqPos 253]  -4.62947e-98
Try raising var.PIVEC_MIN, var.RATE_MIN, var.BRLEN_MIN, or var.GAMMA_SHAPE_MIN?
p4_partLogLike()  aTree->root->cl[pNum 0][rate 2][symb 3][seqPos 253]  -6.77873e-98
Try raising var.PIVEC_MIN, var.RATE_MIN, var.BRLEN_MIN, or var.GAMMA_SHAPE_MIN?
p4_partLogLike()  aTree->root->cl[pNum 0][rate 3][symb 3][seqPos 253]  -1.15954e-97
Try raising var.PIVEC_MIN, var.RATE_MIN, var.BRLEN_MIN, or var.GAMMA_SHAPE_MIN?
p4_partLogLike()  aTree->root->cl[pNum 0][rate 0][symb 3][seqPos 255]  -1.46447e-73
Try raising var.PIVEC_MIN, var.RATE_MIN, var.BRLEN_MIN, or var.GAMMA_SHAPE_MIN?
p4_partLogLike()  aTree->root->cl[pNum 0][rate 1][symb 3][seqPos 255]  -2.34156e-73
Try raising var.PIVEC_MIN, var.RATE_MIN, var.BRLEN_MIN, or var.GAMMA_SHAPE_MIN?
p4_partLogLike()  aTree->root->cl[pNum 0][rate 2][symb 3][seqPos 255]  -3.1788e-73
Try raising var.PIVEC_MIN, var.RATE_MIN, var.BRLEN_MIN, or var.GAMMA_SHAPE_MIN?
p4_partLogLike()  aTree->root->cl[pNum 0][rate 3][symb 3][seqPos 255]  -4.85154e-73
Try raising var.PIVEC_MIN, var.RATE_MIN, var.BRLEN_MIN, or var.GAMMA_SHAPE_MIN?
p4_partLogLike()  aTree->root->cl[pNum 0][rate 0][symb 3][seqPos 256]  -3.68657e-99
Try raising var.PIVEC_MIN, var.RATE_MIN, var.BRLEN_MIN, or var.GAMMA_SHAPE_MIN?
p4_partLogLike()  aTree->root->cl[pNum 0][rate 1][symb 3][seqPos 256]  -5.44424e-99
Try raising var.PIVEC_MIN, var.RATE_MIN, var.BRLEN_MIN, or var.GAMMA_SHAPE_MIN?
p4_partLogLike()  aTree->root->cl[pNum 0][rate 2][symb 3][seqPos 256]  -6.98891e-99
Try raising var.PIVEC_MIN, var.RATE_MIN, var.BRLEN_MIN, or var.GAMMA_SHAPE_MIN?
p4_partLogLike()  aTree->root->cl[pNum 0][rate 3][symb 3][seqPos 256]  -9.76798e-99
Try raising var.PIVEC_MIN, var.RATE_MIN, var.BRLEN_MIN, or var.GAMMA_SHAPE_MIN?
p4_partLogLike()  aTree->root->cl[pNum 0][rate 0][symb 3][seqPos 257]  -3.78941e-63
Try raising var.PIVEC_MIN, var.RATE_MIN, var.BRLEN_MIN, or var.GAMMA_SHAPE_MIN?
p4_partLogLike()  aTree->root->cl[pNum 0][rate 1][symb 3][seqPos 257]  -4.23676e-63
Try raising var.PIVEC_MIN, var.RATE_MIN, var.BRLEN_MIN, or var.GAMMA_SHAPE_MIN?
p4_partLogLike()  aTree->root->cl[pNum 0][rate 2][symb 3][seqPos 257]  -4.50231e-63
Try raising var.PIVEC_MIN, var.RATE_MIN, var.BRLEN_MIN, or var.GAMMA_SHAPE_MIN?
p4_partLogLike()  aTree->root->cl[pNum 0][rate 3][symb 3][seqPos 257]  -4.81246e-63
Try raising var.PIVEC_MIN, var.RATE_MIN, var.BRLEN_MIN, or var.GAMMA_SHAPE_MIN?
p4_partLogLike()  aTree->root->cl[pNum 0][rate 0][symb 3][seqPos 259]  -6.23479e-74
Try raising var.PIVEC_MIN, var.RATE_MIN, var.BRLEN_MIN, or var.GAMMA_SHAPE_MIN?
p4_partLogLike()  aTree->root->cl[pNum 0][rate 1][symb 3][seqPos 259]  -7.61214e-74
Try raising var.PIVEC_MIN, var.RATE_MIN, var.BRLEN_MIN, or var.GAMMA_SHAPE_MIN?
p4_partLogLike()  aTree->root->cl[pNum 0][rate 2][symb 3][seqPos 259]  -8.5821e-74
Try raising var.PIVEC_MIN, var.RATE_MIN, var.BRLEN_MIN, or var.GAMMA_SHAPE_MIN?
p4_partLogLike()  aTree->root->cl[pNum 0][rate 3][symb 3][seqPos 259]  -9.96013e-74
Try raising var.PIVEC_MIN, var.RATE_MIN, var.BRLEN_MIN, or var.GAMMA_SHAPE_MIN?
p4_partLogLike()  aTree->root->cl[pNum 0][rate 1][symb 3][seqPos 261]  -7.98957e-73
Try raising var.PIVEC_MIN, var.RATE_MIN, var.BRLEN_MIN, or var.GAMMA_SHAPE_MIN?
p4_partLogLike()  aTree->root->cl[pNum 0][rate 2][symb 3][seqPos 261]  -1.7404e-72
Try raising var.PIVEC_MIN, var.RATE_MIN, var.BRLEN_MIN, or var.GAMMA_SHAPE_MIN?
p4_partLogLike()  aTree->root->cl[pNum 0][rate 3][symb 3][seqPos 261]  -3.74338e-72
Try raising var.PIVEC_MIN, var.RATE_MIN, var.BRLEN_MIN, or var.GAMMA_SHAPE_MIN?
p4_partLogLike()  aTree->root->cl[pNum 0][rate 0][symb 3][seqPos 265]  -4.72808e-122
Try raising var.PIVEC_MIN, var.RATE_MIN, var.BRLEN_MIN, or var.GAMMA_SHAPE_MIN?
p4_partLogLike()  aTree->root->cl[pNum 0][rate 1][symb 3][seqPos 265]  -7.56586e-122
Try raising var.PIVEC_MIN, var.RATE_MIN, var.BRLEN_MIN, or var.GAMMA_SHAPE_MIN?
p4_partLogLike()  aTree->root->cl[pNum 0][rate 2][symb 3][seqPos 265]  -1.02981e-121
Try raising var.PIVEC_MIN, var.RATE_MIN, var.BRLEN_MIN, or var.GAMMA_SHAPE_MIN?
p4_partLogLike()  aTree->root->cl[pNum 0][rate 3][symb 3][seqPos 265]  -1.57927e-121
Try raising var.PIVEC_MIN, var.RATE_MIN, var.BRLEN_MIN, or var.GAMMA_SHAPE_MIN?
p4_partLogLike()  aTree->root->cl[pNum 0][rate 0][symb 3][seqPos 266]  -3.17873e-49
Try raising var.PIVEC_MIN, var.RATE_MIN, var.BRLEN_MIN, or var.GAMMA_SHAPE_MIN?
p4_partLogLike()  aTree->root->cl[pNum 0][rate 1][symb 3][seqPos 266]  -4.10064e-49
Try raising var.PIVEC_MIN, var.RATE_MIN, var.BRLEN_MIN, or var.GAMMA_SHAPE_MIN?
p4_partLogLike()  aTree->root->cl[pNum 0][rate 2][symb 3][seqPos 266]  -4.80415e-49
Try raising var.PIVEC_MIN, var.RATE_MIN, var.BRLEN_MIN, or var.GAMMA_SHAPE_MIN?
p4_partLogLike()  aTree->root->cl[pNum 0][rate 3][symb 3][seqPos 266]  -5.90918e-49
Try raising var.PIVEC_MIN, var.RATE_MIN, var.BRLEN_MIN, or var.GAMMA_SHAPE_MIN?
p4_partLogLike()  aTree->root->cl[pNum 0][rate 0][symb 3][seqPos 268]  -1.21514e-98
Try raising var.PIVEC_MIN, var.RATE_MIN, var.BRLEN_MIN, or var.GAMMA_SHAPE_MIN?
p4_partLogLike()  aTree->root->cl[pNum 0][rate 1][symb 3][seqPos 268]  -1.18162e-98
Try raising var.PIVEC_MIN, var.RATE_MIN, var.BRLEN_MIN, or var.GAMMA_SHAPE_MIN?
p4_partLogLike()  aTree->root->cl[pNum 0][rate 2][symb 3][seqPos 268]  -1.1429e-98
Try raising var.PIVEC_MIN, var.RATE_MIN, var.BRLEN_MIN, or var.GAMMA_SHAPE_MIN?
p4_partLogLike()  aTree->root->cl[pNum 0][rate 3][symb 3][seqPos 268]  -1.06735e-98
Try raising var.PIVEC_MIN, var.RATE_MIN, var.BRLEN_MIN, or var.GAMMA_SHAPE_MIN?
p4_partLogLike()  aTree->root->cl[pNum 0][rate 0][symb 0][seqPos 270]  -7.72228e-108
Try raising var.PIVEC_MIN, var.RATE_MIN, var.BRLEN_MIN, or var.GAMMA_SHAPE_MIN?
p4_partLogLike()  aTree->root->cl[pNum 0][rate 0][symb 1][seqPos 270]  -2.64245e-107
Try raising var.PIVEC_MIN, var.RATE_MIN, var.BRLEN_MIN, or var.GAMMA_SHAPE_MIN?
p4_partLogLike()  aTree->root->cl[pNum 0][rate 0][symb 2][seqPos 270]  -2.98976e-108
Try raising var.PIVEC_MIN, var.RATE_MIN, var.BRLEN_MIN, or var.GAMMA_SHAPE_MIN?
p4_partLogLike()  aTree->root->cl[pNum 0][rate 1][symb 0][seqPos 270]  -1.17684e-107
Try raising var.PIVEC_MIN, var.RATE_MIN, var.BRLEN_MIN, or var.GAMMA_SHAPE_MIN?
p4_partLogLike()  aTree->root->cl[pNum 0][rate 1][symb 1][seqPos 270]  -4.02488e-107
Try raising var.PIVEC_MIN, var.RATE_MIN, var.BRLEN_MIN, or var.GAMMA_SHAPE_MIN?
p4_partLogLike()  aTree->root->cl[pNum 0][rate 1][symb 2][seqPos 270]  -4.90823e-108
Try raising var.PIVEC_MIN, var.RATE_MIN, var.BRLEN_MIN, or var.GAMMA_SHAPE_MIN?
p4_partLogLike()  aTree->root->cl[pNum 0][rate 2][symb 0][seqPos 270]  -1.55723e-107
Try raising var.PIVEC_MIN, var.RATE_MIN, var.BRLEN_MIN, or var.GAMMA_SHAPE_MIN?
p4_partLogLike()  aTree->root->cl[pNum 0][rate 2][symb 1][seqPos 270]  -5.31564e-107
Try raising var.PIVEC_MIN, var.RATE_MIN, var.BRLEN_MIN, or var.GAMMA_SHAPE_MIN?
p4_partLogLike()  aTree->root->cl[pNum 0][rate 2][symb 2][seqPos 270]  -6.81286e-108
Try raising var.PIVEC_MIN, var.RATE_MIN, var.BRLEN_MIN, or var.GAMMA_SHAPE_MIN?
p4_partLogLike()  aTree->root->cl[pNum 0][rate 3][symb 0][seqPos 270]  -2.3065e-107
Try raising var.PIVEC_MIN, var.RATE_MIN, var.BRLEN_MIN, or var.GAMMA_SHAPE_MIN?
p4_partLogLike()  aTree->root->cl[pNum 0][rate 3][symb 1][seqPos 270]  -7.87667e-107
Try raising var.PIVEC_MIN, var.RATE_MIN, var.BRLEN_MIN, or var.GAMMA_SHAPE_MIN?
p4_partLogLike()  aTree->root->cl[pNum 0][rate 3][symb 2][seqPos 270]  -1.08309e-107
Try raising var.PIVEC_MIN, var.RATE_MIN, var.BRLEN_MIN, or var.GAMMA_SHAPE_MIN?
p4_partLogLike()  aTree->root->cl[pNum 0][rate 0][symb 0][seqPos 272]  -5.49016e-106
Try raising var.PIVEC_MIN, var.RATE_MIN, var.BRLEN_MIN, or var.GAMMA_SHAPE_MIN?
p4_partLogLike()  aTree->root->cl[pNum 0][rate 0][symb 1][seqPos 272]  -8.14733e-106
Try raising var.PIVEC_MIN, var.RATE_MIN, var.BRLEN_MIN, or var.GAMMA_SHAPE_MIN?
p4_partLogLike()  aTree->root->cl[pNum 0][rate 0][symb 2][seqPos 272]  -2.51678e-106
Try raising var.PIVEC_MIN, var.RATE_MIN, var.BRLEN_MIN, or var.GAMMA_SHAPE_MIN?
p4_partLogLike()  aTree->root->cl[pNum 0][rate 1][symb 0][seqPos 272]  -8.09114e-106
Try raising var.PIVEC_MIN, var.RATE_MIN, var.BRLEN_MIN, or var.GAMMA_SHAPE_MIN?
p4_partLogLike()  aTree->root->cl[pNum 0][rate 1][symb 1][seqPos 272]  -1.20685e-105
Try raising var.PIVEC_MIN, var.RATE_MIN, var.BRLEN_MIN, or var.GAMMA_SHAPE_MIN?
p4_partLogLike()  aTree->root->cl[pNum 0][rate 1][symb 2][seqPos 272]  -3.97564e-106
Try raising var.PIVEC_MIN, var.RATE_MIN, var.BRLEN_MIN, or var.GAMMA_SHAPE_MIN?
p4_partLogLike()  aTree->root->cl[pNum 0][rate 2][symb 0][seqPos 272]  -1.0475e-105
Try raising var.PIVEC_MIN, var.RATE_MIN, var.BRLEN_MIN, or var.GAMMA_SHAPE_MIN?
p4_partLogLike()  aTree->root->cl[pNum 0][rate 2][symb 1][seqPos 272]  -1.56578e-105
Try raising var.PIVEC_MIN, var.RATE_MIN, var.BRLEN_MIN, or var.GAMMA_SHAPE_MIN?
p4_partLogLike()  aTree->root->cl[pNum 0][rate 2][symb 2][seqPos 272]  -5.3793e-106
Try raising var.PIVEC_MIN, var.RATE_MIN, var.BRLEN_MIN, or var.GAMMA_SHAPE_MIN?
p4_partLogLike()  aTree->root->cl[pNum 0][rate 3][symb 0][seqPos 272]  -1.50767e-105
Try raising var.PIVEC_MIN, var.RATE_MIN, var.BRLEN_MIN, or var.GAMMA_SHAPE_MIN?
p4_partLogLike()  aTree->root->cl[pNum 0][rate 3][symb 1][seqPos 272]  -2.27262e-105
Try raising var.PIVEC_MIN, var.RATE_MIN, var.BRLEN_MIN, or var.GAMMA_SHAPE_MIN?
p4_partLogLike()  aTree->root->cl[pNum 0][rate 3][symb 2][seqPos 272]  -8.26622e-106
Try raising var.PIVEC_MIN, var.RATE_MIN, var.BRLEN_MIN, or var.GAMMA_SHAPE_MIN?
p4_partLogLike()  aTree->root->cl[pNum 0][rate 0][symb 3][seqPos 273]  -6.90157e-46
Try raising var.PIVEC_MIN, var.RATE_MIN, var.BRLEN_MIN, or var.GAMMA_SHAPE_MIN?
p4_partLogLike()  aTree->root->cl[pNum 0][rate 1][symb 3][seqPos 273]  -8.9436e-46
Try raising var.PIVEC_MIN, var.RATE_MIN, var.BRLEN_MIN, or var.GAMMA_SHAPE_MIN?
p4_partLogLike()  aTree->root->cl[pNum 0][rate 2][symb 3][seqPos 273]  -1.05503e-45
Try raising var.PIVEC_MIN, var.RATE_MIN, var.BRLEN_MIN, or var.GAMMA_SHAPE_MIN?
p4_partLogLike()  aTree->root->cl[pNum 0][rate 3][symb 3][seqPos 273]  -1.31826e-45
Try raising var.PIVEC_MIN, var.RATE_MIN, var.BRLEN_MIN, or var.GAMMA_SHAPE_MIN?
p4_partLogLike()  aTree->root->cl[pNum 0][rate 0][symb 3][seqPos 274]  -8.45896e-48
Try raising var.PIVEC_MIN, var.RATE_MIN, var.BRLEN_MIN, or var.GAMMA_SHAPE_MIN?
p4_partLogLike()  aTree->root->cl[pNum 0][rate 1][symb 3][seqPos 274]  -1.06162e-47
Try raising var.PIVEC_MIN, var.RATE_MIN, var.BRLEN_MIN, or var.GAMMA_SHAPE_MIN?
p4_partLogLike()  aTree->root->cl[pNum 0][rate 2][symb 3][seqPos 274]  -1.21717e-47
Try raising var.PIVEC_MIN, var.RATE_MIN, var.BRLEN_MIN, or var.GAMMA_SHAPE_MIN?
p4_partLogLike()  aTree->root->cl[pNum 0][rate 3][symb 3][seqPos 274]  -1.44459e-47
Try raising var.PIVEC_MIN, var.RATE_MIN, var.BRLEN_MIN, or var.GAMMA_SHAPE_MIN?
p4_partLogLike()  aTree->root->cl[pNum 0][rate 0][symb 3][seqPos 277]  -1.554e-81
Try raising var.PIVEC_MIN, var.RATE_MIN, var.BRLEN_MIN, or var.GAMMA_SHAPE_MIN?
p4_partLogLike()  aTree->root->cl[pNum 0][rate 1][symb 3][seqPos 277]  -2.35336e-81
Try raising var.PIVEC_MIN, var.RATE_MIN, var.BRLEN_MIN, or var.GAMMA_SHAPE_MIN?
p4_partLogLike()  aTree->root->cl[pNum 0][rate 2][symb 3][seqPos 277]  -3.09634e-81
Try raising var.PIVEC_MIN, var.RATE_MIN, var.BRLEN_MIN, or var.GAMMA_SHAPE_MIN?
p4_partLogLike()  aTree->root->cl[pNum 0][rate 3][symb 3][seqPos 277]  -4.54879e-81
Try raising var.PIVEC_MIN, var.RATE_MIN, var.BRLEN_MIN, or var.GAMMA_SHAPE_MIN?
p4_partLogLike()  aTree->root->cl[pNum 0][rate 0][symb 0][seqPos 281]  -3.60156e-107
Try raising var.PIVEC_MIN, var.RATE_MIN, var.BRLEN_MIN, or var.GAMMA_SHAPE_MIN?
p4_partLogLike()  aTree->root->cl[pNum 0][rate 0][symb 1][seqPos 281]  -6.06674e-108
Try raising var.PIVEC_MIN, var.RATE_MIN, var.BRLEN_MIN, or var.GAMMA_SHAPE_MIN?
p4_partLogLike()  aTree->root->cl[pNum 0][rate 0][symb 2][seqPos 281]  -1.65115e-107
Try raising var.PIVEC_MIN, var.RATE_MIN, var.BRLEN_MIN, or var.GAMMA_SHAPE_MIN?
p4_partLogLike()  aTree->root->cl[pNum 0][rate 0][symb 3][seqPos 281]  -4.90445e-42
Try raising var.PIVEC_MIN, var.RATE_MIN, var.BRLEN_MIN, or var.GAMMA_SHAPE_MIN?
p4_partLogLike()  aTree->root->cl[pNum 0][rate 1][symb 0][seqPos 281]  -5.28678e-107
Try raising var.PIVEC_MIN, var.RATE_MIN, var.BRLEN_MIN, or var.GAMMA_SHAPE_MIN?
p4_partLogLike()  aTree->root->cl[pNum 0][rate 1][symb 1][seqPos 281]  -9.69923e-108
Try raising var.PIVEC_MIN, var.RATE_MIN, var.BRLEN_MIN, or var.GAMMA_SHAPE_MIN?
p4_partLogLike()  aTree->root->cl[pNum 0][rate 1][symb 2][seqPos 281]  -2.59469e-107
Try raising var.PIVEC_MIN, var.RATE_MIN, var.BRLEN_MIN, or var.GAMMA_SHAPE_MIN?
p4_partLogLike()  aTree->root->cl[pNum 0][rate 1][symb 3][seqPos 281]  -6.28887e-42
Try raising var.PIVEC_MIN, var.RATE_MIN, var.BRLEN_MIN, or var.GAMMA_SHAPE_MIN?
p4_partLogLike()  aTree->root->cl[pNum 0][rate 2][symb 0][seqPos 281]  -6.85545e-107
Try raising var.PIVEC_MIN, var.RATE_MIN, var.BRLEN_MIN, or var.GAMMA_SHAPE_MIN?
p4_partLogLike()  aTree->root->cl[pNum 0][rate 2][symb 1][seqPos 281]  -1.3321e-107
Try raising var.PIVEC_MIN, var.RATE_MIN, var.BRLEN_MIN, or var.GAMMA_SHAPE_MIN?
p4_partLogLike()  aTree->root->cl[pNum 0][rate 2][symb 2][seqPos 281]  -3.51876e-107
Try raising var.PIVEC_MIN, var.RATE_MIN, var.BRLEN_MIN, or var.GAMMA_SHAPE_MIN?
p4_partLogLike()  aTree->root->cl[pNum 0][rate 2][symb 3][seqPos 281]  -7.41365e-42
Try raising var.PIVEC_MIN, var.RATE_MIN, var.BRLEN_MIN, or var.GAMMA_SHAPE_MIN?
p4_partLogLike()  aTree->root->cl[pNum 0][rate 3][symb 0][seqPos 281]  -9.91718e-107
Try raising var.PIVEC_MIN, var.RATE_MIN, var.BRLEN_MIN, or var.GAMMA_SHAPE_MIN?
p4_partLogLike()  aTree->root->cl[pNum 0][rate 3][symb 1][seqPos 281]  -2.09494e-107
Try raising var.PIVEC_MIN, var.RATE_MIN, var.BRLEN_MIN, or var.GAMMA_SHAPE_MIN?
p4_partLogLike()  aTree->root->cl[pNum 0][rate 3][symb 2][seqPos 281]  -5.43093e-107
Try raising var.PIVEC_MIN, var.RATE_MIN, var.BRLEN_MIN, or var.GAMMA_SHAPE_MIN?
p4_partLogLike()  aTree->root->cl[pNum 0][rate 3][symb 3][seqPos 281]  -9.33917e-42
Try raising var.PIVEC_MIN, var.RATE_MIN, var.BRLEN_MIN, or var.GAMMA_SHAPE_MIN?
p4_partLogLike()  aTree->root->cl[pNum 0][rate 0][symb 3][seqPos 288]  -4.25515e-100
Try raising var.PIVEC_MIN, var.RATE_MIN, var.BRLEN_MIN, or var.GAMMA_SHAPE_MIN?
p4_partLogLike()  aTree->root->cl[pNum 0][rate 1][symb 3][seqPos 288]  -7.46712e-100
Try raising var.PIVEC_MIN, var.RATE_MIN, var.BRLEN_MIN, or var.GAMMA_SHAPE_MIN?
p4_partLogLike()  aTree->root->cl[pNum 0][rate 2][symb 3][seqPos 288]  -1.06319e-99
Try raising var.PIVEC_MIN, var.RATE_MIN, var.BRLEN_MIN, or var.GAMMA_SHAPE_MIN?
p4_partLogLike()  aTree->root->cl[pNum 0][rate 3][symb 3][seqPos 288]  -1.70727e-99
Try raising var.PIVEC_MIN, var.RATE_MIN, var.BRLEN_MIN, or var.GAMMA_SHAPE_MIN?
p4_partLogLike()  aTree->root->cl[pNum 0][rate 0][symb 0][seqPos 290]  -8.666e-95
Try raising var.PIVEC_MIN, var.RATE_MIN, var.BRLEN_MIN, or var.GAMMA_SHAPE_MIN?
p4_partLogLike()  aTree->root->cl[pNum 0][rate 0][symb 1][seqPos 290]  -4.26248e-95
Try raising var.PIVEC_MIN, var.RATE_MIN, var.BRLEN_MIN, or var.GAMMA_SHAPE_MIN?
p4_partLogLike()  aTree->root->cl[pNum 0][rate 0][symb 2][seqPos 290]  -1.00813e-94
Try raising var.PIVEC_MIN, var.RATE_MIN, var.BRLEN_MIN, or var.GAMMA_SHAPE_MIN?
p4_partLogLike()  aTree->root->cl[pNum 0][rate 1][symb 0][seqPos 290]  -1.36297e-94
Try raising var.PIVEC_MIN, var.RATE_MIN, var.BRLEN_MIN, or var.GAMMA_SHAPE_MIN?
p4_partLogLike()  aTree->root->cl[pNum 0][rate 1][symb 1][seqPos 290]  -6.88124e-95
Try raising var.PIVEC_MIN, var.RATE_MIN, var.BRLEN_MIN, or var.GAMMA_SHAPE_MIN?
p4_partLogLike()  aTree->root->cl[pNum 0][rate 1][symb 2][seqPos 290]  -1.59356e-94
Try raising var.PIVEC_MIN, var.RATE_MIN, var.BRLEN_MIN, or var.GAMMA_SHAPE_MIN?
p4_partLogLike()  aTree->root->cl[pNum 0][rate 2][symb 0][seqPos 290]  -1.84364e-94
Try raising var.PIVEC_MIN, var.RATE_MIN, var.BRLEN_MIN, or var.GAMMA_SHAPE_MIN?
p4_partLogLike()  aTree->root->cl[pNum 0][rate 2][symb 1][seqPos 290]  -9.46962e-95
Try raising var.PIVEC_MIN, var.RATE_MIN, var.BRLEN_MIN, or var.GAMMA_SHAPE_MIN?
p4_partLogLike()  aTree->root->cl[pNum 0][rate 2][symb 2][seqPos 290]  -2.15888e-94
Try raising var.PIVEC_MIN, var.RATE_MIN, var.BRLEN_MIN, or var.GAMMA_SHAPE_MIN?
p4_partLogLike()  aTree->root->cl[pNum 0][rate 3][symb 0][seqPos 290]  -2.821e-94
Try raising var.PIVEC_MIN, var.RATE_MIN, var.BRLEN_MIN, or var.GAMMA_SHAPE_MIN?
p4_partLogLike()  aTree->root->cl[pNum 0][rate 3][symb 1][seqPos 290]  -1.49245e-94
Try raising var.PIVEC_MIN, var.RATE_MIN, var.BRLEN_MIN, or var.GAMMA_SHAPE_MIN?
p4_partLogLike()  aTree->root->cl[pNum 0][rate 3][symb 2][seqPos 290]  -3.32083e-94
Try raising var.PIVEC_MIN, var.RATE_MIN, var.BRLEN_MIN, or var.GAMMA_SHAPE_MIN?
p4_partLogLike()  aTree->root->cl[pNum 0][rate 0][symb 3][seqPos 291]  -4.31874e-48
Try raising var.PIVEC_MIN, var.RATE_MIN, var.BRLEN_MIN, or var.GAMMA_SHAPE_MIN?
p4_partLogLike()  aTree->root->cl[pNum 0][rate 1][symb 3][seqPos 291]  -6.52121e-48
Try raising var.PIVEC_MIN, var.RATE_MIN, var.BRLEN_MIN, or var.GAMMA_SHAPE_MIN?
p4_partLogLike()  aTree->root->cl[pNum 0][rate 2][symb 3][seqPos 291]  -8.52052e-48
Try raising var.PIVEC_MIN, var.RATE_MIN, var.BRLEN_MIN, or var.GAMMA_SHAPE_MIN?
p4_partLogLike()  aTree->root->cl[pNum 0][rate 3][symb 3][seqPos 291]  -1.23036e-47
Try raising var.PIVEC_MIN, var.RATE_MIN, var.BRLEN_MIN, or var.GAMMA_SHAPE_MIN?
p4_partLogLike()  aTree->root->cl[pNum 0][rate 0][symb 3][seqPos 292]  -2.23028e-66
Try raising var.PIVEC_MIN, var.RATE_MIN, var.BRLEN_MIN, or var.GAMMA_SHAPE_MIN?
p4_partLogLike()  aTree->root->cl[pNum 0][rate 1][symb 3][seqPos 292]  -3.02891e-66
Try raising var.PIVEC_MIN, var.RATE_MIN, var.BRLEN_MIN, or var.GAMMA_SHAPE_MIN?
p4_partLogLike()  aTree->root->cl[pNum 0][rate 2][symb 3][seqPos 292]  -3.71022e-66
Try raising var.PIVEC_MIN, var.RATE_MIN, var.BRLEN_MIN, or var.GAMMA_SHAPE_MIN?
p4_partLogLike()  aTree->root->cl[pNum 0][rate 3][symb 3][seqPos 292]  -4.93503e-66
Try raising var.PIVEC_MIN, var.RATE_MIN, var.BRLEN_MIN, or var.GAMMA_SHAPE_MIN?
p4_partLogLike()  aTree->root->cl[pNum 0][rate 0][symb 0][seqPos 293]  -1.64083e-46
Try raising var.PIVEC_MIN, var.RATE_MIN, var.BRLEN_MIN, or var.GAMMA_SHAPE_MIN?
p4_partLogLike()  aTree->root->cl[pNum 0][rate 0][symb 1][seqPos 293]  -2.14047e-42
Try raising var.PIVEC_MIN, var.RATE_MIN, var.BRLEN_MIN, or var.GAMMA_SHAPE_MIN?
p4_partLogLike()  aTree->root->cl[pNum 0][rate 0][symb 2][seqPos 293]  -1.90825e-46
Try raising var.PIVEC_MIN, var.RATE_MIN, var.BRLEN_MIN, or var.GAMMA_SHAPE_MIN?
p4_partLogLike()  aTree->root->cl[pNum 0][rate 0][symb 3][seqPos 293]  -6.3375e-70
Try raising var.PIVEC_MIN, var.RATE_MIN, var.BRLEN_MIN, or var.GAMMA_SHAPE_MIN?
p4_partLogLike()  aTree->root->cl[pNum 0][rate 1][symb 0][seqPos 293]  -2.27104e-46
Try raising var.PIVEC_MIN, var.RATE_MIN, var.BRLEN_MIN, or var.GAMMA_SHAPE_MIN?
p4_partLogLike()  aTree->root->cl[pNum 0][rate 1][symb 1][seqPos 293]  -2.2327e-42
Try raising var.PIVEC_MIN, var.RATE_MIN, var.BRLEN_MIN, or var.GAMMA_SHAPE_MIN?
p4_partLogLike()  aTree->root->cl[pNum 0][rate 1][symb 2][seqPos 293]  -2.62945e-46
Try raising var.PIVEC_MIN, var.RATE_MIN, var.BRLEN_MIN, or var.GAMMA_SHAPE_MIN?
p4_partLogLike()  aTree->root->cl[pNum 0][rate 1][symb 3][seqPos 293]  -8.00818e-70
Try raising var.PIVEC_MIN, var.RATE_MIN, var.BRLEN_MIN, or var.GAMMA_SHAPE_MIN?
p4_partLogLike()  aTree->root->cl[pNum 0][rate 2][symb 0][seqPos 293]  -2.80876e-46
Try raising var.PIVEC_MIN, var.RATE_MIN, var.BRLEN_MIN, or var.GAMMA_SHAPE_MIN?
p4_partLogLike()  aTree->root->cl[pNum 0][rate 2][symb 1][seqPos 293]  -2.27667e-42
Try raising var.PIVEC_MIN, var.RATE_MIN, var.BRLEN_MIN, or var.GAMMA_SHAPE_MIN?
p4_partLogLike()  aTree->root->cl[pNum 0][rate 2][symb 2][seqPos 293]  -3.24031e-46
Try raising var.PIVEC_MIN, var.RATE_MIN, var.BRLEN_MIN, or var.GAMMA_SHAPE_MIN?
p4_partLogLike()  aTree->root->cl[pNum 0][rate 2][symb 3][seqPos 293]  -9.28613e-70
Try raising var.PIVEC_MIN, var.RATE_MIN, var.BRLEN_MIN, or var.GAMMA_SHAPE_MIN?
p4_partLogLike()  aTree->root->cl[pNum 0][rate 3][symb 0][seqPos 293]  -3.7742e-46
Try raising var.PIVEC_MIN, var.RATE_MIN, var.BRLEN_MIN, or var.GAMMA_SHAPE_MIN?
p4_partLogLike()  aTree->root->cl[pNum 0][rate 3][symb 1][seqPos 293]  -2.31389e-42
Try raising var.PIVEC_MIN, var.RATE_MIN, var.BRLEN_MIN, or var.GAMMA_SHAPE_MIN?
p4_partLogLike()  aTree->root->cl[pNum 0][rate 3][symb 2][seqPos 293]  -4.33154e-46
Try raising var.PIVEC_MIN, var.RATE_MIN, var.BRLEN_MIN, or var.GAMMA_SHAPE_MIN?
p4_partLogLike()  aTree->root->cl[pNum 0][rate 3][symb 3][seqPos 293]  -1.13133e-69
Try raising var.PIVEC_MIN, var.RATE_MIN, var.BRLEN_MIN, or var.GAMMA_SHAPE_MIN?
p4_partLogLike()  aTree->root->cl[pNum 0][rate 0][symb 3][seqPos 296]  -3.75738e-83
Try raising var.PIVEC_MIN, var.RATE_MIN, var.BRLEN_MIN, or var.GAMMA_SHAPE_MIN?
p4_partLogLike()  aTree->root->cl[pNum 0][rate 1][symb 3][seqPos 296]  -5.63732e-83
Try raising var.PIVEC_MIN, var.RATE_MIN, var.BRLEN_MIN, or var.GAMMA_SHAPE_MIN?
p4_partLogLike()  aTree->root->cl[pNum 0][rate 2][symb 3][seqPos 296]  -7.36567e-83
Try raising var.PIVEC_MIN, var.RATE_MIN, var.BRLEN_MIN, or var.GAMMA_SHAPE_MIN?
p4_partLogLike()  aTree->root->cl[pNum 0][rate 3][symb 3][seqPos 296]  -1.07033e-82
Try raising var.PIVEC_MIN, var.RATE_MIN, var.BRLEN_MIN, or var.GAMMA_SHAPE_MIN?
p4_partLogLike()  aTree->root->cl[pNum 0][rate 0][symb 3][seqPos 297]  -1.75948e-45
Try raising var.PIVEC_MIN, var.RATE_MIN, var.BRLEN_MIN, or var.GAMMA_SHAPE_MIN?
p4_partLogLike()  aTree->root->cl[pNum 0][rate 1][symb 3][seqPos 297]  -2.19718e-45
Try raising var.PIVEC_MIN, var.RATE_MIN, var.BRLEN_MIN, or var.GAMMA_SHAPE_MIN?
p4_partLogLike()  aTree->root->cl[pNum 0][rate 2][symb 3][seqPos 297]  -2.53041e-45
Try raising var.PIVEC_MIN, var.RATE_MIN, var.BRLEN_MIN, or var.GAMMA_SHAPE_MIN?
p4_partLogLike()  aTree->root->cl[pNum 0][rate 3][symb 3][seqPos 297]  -3.05885e-45
Try raising var.PIVEC_MIN, var.RATE_MIN, var.BRLEN_MIN, or var.GAMMA_SHAPE_MIN?
p4_partLogLike()  aTree->root->cl[pNum 0][rate 0][symb 3][seqPos 298]  -3.69822e-71
Try raising var.PIVEC_MIN, var.RATE_MIN, var.BRLEN_MIN, or var.GAMMA_SHAPE_MIN?
p4_partLogLike()  aTree->root->cl[pNum 0][rate 1][symb 3][seqPos 298]  -5.0174e-71
Try raising var.PIVEC_MIN, var.RATE_MIN, var.BRLEN_MIN, or var.GAMMA_SHAPE_MIN?
p4_partLogLike()  aTree->root->cl[pNum 0][rate 2][symb 3][seqPos 298]  -6.1042e-71
Try raising var.PIVEC_MIN, var.RATE_MIN, var.BRLEN_MIN, or var.GAMMA_SHAPE_MIN?
p4_partLogLike()  aTree->root->cl[pNum 0][rate 3][symb 3][seqPos 298]  -7.97732e-71
Try raising var.PIVEC_MIN, var.RATE_MIN, var.BRLEN_MIN, or var.GAMMA_SHAPE_MIN?
p4_partLogLike()  aTree->root->cl[pNum 0][rate 0][symb 3][seqPos 299]  -6.45104e-70
Try raising var.PIVEC_MIN, var.RATE_MIN, var.BRLEN_MIN, or var.GAMMA_SHAPE_MIN?
p4_partLogLike()  aTree->root->cl[pNum 0][rate 1][symb 3][seqPos 299]  -7.51486e-70
Try raising var.PIVEC_MIN, var.RATE_MIN, var.BRLEN_MIN, or var.GAMMA_SHAPE_MIN?
p4_partLogLike()  aTree->root->cl[pNum 0][rate 2][symb 3][seqPos 299]  -8.25775e-70
Try raising var.PIVEC_MIN, var.RATE_MIN, var.BRLEN_MIN, or var.GAMMA_SHAPE_MIN?
p4_partLogLike()  aTree->root->cl[pNum 0][rate 3][symb 3][seqPos 299]  -9.32476e-70
Try raising var.PIVEC_MIN, var.RATE_MIN, var.BRLEN_MIN, or var.GAMMA_SHAPE_MIN?
p4_partLogLike()  aTree->root->cl[pNum 0][rate 0][symb 0][seqPos 185]  -8.22182e-42
Try raising var.PIVEC_MIN, var.RATE_MIN, var.BRLEN_MIN, or var.GAMMA_SHAPE_MIN?
p4_partLogLike()  aTree->root->cl[pNum 0][rate 0][symb 1][seqPos 185]  -2.4196e-40
Try raising var.PIVEC_MIN, var.RATE_MIN, var.BRLEN_MIN, or var.GAMMA_SHAPE_MIN?
p4_partLogLike()  aTree->root->cl[pNum 0][rate 0][symb 2][seqPos 185]  -1.98144e-41
Try raising var.PIVEC_MIN, var.RATE_MIN, var.BRLEN_MIN, or var.GAMMA_SHAPE_MIN?
p4_partLogLike()  aTree->root->cl[pNum 0][rate 0][symb 3][seqPos 185]  -1.79514e-65
Try raising var.PIVEC_MIN, var.RATE_MIN, var.BRLEN_MIN, or var.GAMMA_SHAPE_MIN?
p4_partLogLike()  aTree->root->cl[pNum 0][rate 1][symb 0][seqPos 185]  -5.28619e-42
Try raising var.PIVEC_MIN, var.RATE_MIN, var.BRLEN_MIN, or var.GAMMA_SHAPE_MIN?
p4_partLogLike()  aTree->root->cl[pNum 0][rate 1][symb 1][seqPos 185]  -1.42805e-40
Try raising var.PIVEC_MIN, var.RATE_MIN, var.BRLEN_MIN, or var.GAMMA_SHAPE_MIN?
p4_partLogLike()  aTree->root->cl[pNum 0][rate 1][symb 2][seqPos 185]  -1.26963e-41
Try raising var.PIVEC_MIN, var.RATE_MIN, var.BRLEN_MIN, or var.GAMMA_SHAPE_MIN?
p4_partLogLike()  aTree->root->cl[pNum 0][rate 1][symb 3][seqPos 185]  -1.1524e-65
Try raising var.PIVEC_MIN, var.RATE_MIN, var.BRLEN_MIN, or var.GAMMA_SHAPE_MIN?
p4_partLogLike()  aTree->root->cl[pNum 0][rate 2][symb 0][seqPos 185]  -3.76623e-42
Try raising var.PIVEC_MIN, var.RATE_MIN, var.BRLEN_MIN, or var.GAMMA_SHAPE_MIN?
p4_partLogLike()  aTree->root->cl[pNum 0][rate 2][symb 1][seqPos 185]  -9.58914e-41
Try raising var.PIVEC_MIN, var.RATE_MIN, var.BRLEN_MIN, or var.GAMMA_SHAPE_MIN?
p4_partLogLike()  aTree->root->cl[pNum 0][rate 2][symb 2][seqPos 185]  -8.98867e-42
Try raising var.PIVEC_MIN, var.RATE_MIN, var.BRLEN_MIN, or var.GAMMA_SHAPE_MIN?
p4_partLogLike()  aTree->root->cl[pNum 0][rate 2][symb 3][seqPos 185]  -8.21259e-66
Try raising var.PIVEC_MIN, var.RATE_MIN, var.BRLEN_MIN, or var.GAMMA_SHAPE_MIN?
p4_partLogLike()  aTree->root->cl[pNum 0][rate 3][symb 0][seqPos 185]  -2.18253e-42
Try raising var.PIVEC_MIN, var.RATE_MIN, var.BRLEN_MIN, or var.GAMMA_SHAPE_MIN?
p4_partLogLike()  aTree->root->cl[pNum 0][rate 3][symb 1][seqPos 185]  -5.09081e-41
Try raising var.PIVEC_MIN, var.RATE_MIN, var.BRLEN_MIN, or var.GAMMA_SHAPE_MIN?
p4_partLogLike()  aTree->root->cl[pNum 0][rate 3][symb 2][seqPos 185]  -5.12832e-42
Try raising var.PIVEC_MIN, var.RATE_MIN, var.BRLEN_MIN, or var.GAMMA_SHAPE_MIN?
p4_partLogLike()  aTree->root->cl[pNum 0][rate 3][symb 3][seqPos 185]  -4.74856e-66
Try raising var.PIVEC_MIN, var.RATE_MIN, var.BRLEN_MIN, or var.GAMMA_SHAPE_MIN?
p4_partLogLike()  aTree->root->cl[pNum 0][rate 0][symb 2][seqPos 4]  -7.62363e-117
Try raising var.PIVEC_MIN, var.RATE_MIN, var.BRLEN_MIN, or var.GAMMA_SHAPE_MIN?
p4_partLogLike()  aTree->root->cl[pNum 0][rate 1][symb 2][seqPos 4]  -1.0011e-116
Try raising var.PIVEC_MIN, var.RATE_MIN, var.BRLEN_MIN, or var.GAMMA_SHAPE_MIN?
p4_partLogLike()  aTree->root->cl[pNum 0][rate 2][symb 2][seqPos 4]  -1.19775e-116
Try raising var.PIVEC_MIN, var.RATE_MIN, var.BRLEN_MIN, or var.GAMMA_SHAPE_MIN?
p4_partLogLike()  aTree->root->cl[pNum 0][rate 3][symb 2][seqPos 4]  -1.53893e-116
Try raising var.PIVEC_MIN, var.RATE_MIN, var.BRLEN_MIN, or var.GAMMA_SHAPE_MIN?
p4_partLogLike()  aTree->root->cl[pNum 0][rate 0][symb 3][seqPos 10]  -8.50569e-76
Try raising var.PIVEC_MIN, var.RATE_MIN, var.BRLEN_MIN, or var.GAMMA_SHAPE_MIN?
p4_partLogLike()  aTree->root->cl[pNum 0][rate 1][symb 3][seqPos 10]  -1.15526e-76
Try raising var.PIVEC_MIN, var.RATE_MIN, var.BRLEN_MIN, or var.GAMMA_SHAPE_MIN?
p4_partLogLike()  aTree->root->cl[pNum 0][rate 0][symb 2][seqPos 16]  -2.08741e-111
Try raising var.PIVEC_MIN, var.RATE_MIN, var.BRLEN_MIN, or var.GAMMA_SHAPE_MIN?
p4_partLogLike()  aTree->root->cl[pNum 0][rate 1][symb 2][seqPos 16]  -3.22702e-111
Try raising var.PIVEC_MIN, var.RATE_MIN, var.BRLEN_MIN, or var.GAMMA_SHAPE_MIN?
p4_partLogLike()  aTree->root->cl[pNum 0][rate 2][symb 2][seqPos 16]  -4.28964e-111
Try raising var.PIVEC_MIN, var.RATE_MIN, var.BRLEN_MIN, or var.GAMMA_SHAPE_MIN?
p4_partLogLike()  aTree->root->cl[pNum 0][rate 3][symb 2][seqPos 16]  -6.35368e-111
Try raising var.PIVEC_MIN, var.RATE_MIN, var.BRLEN_MIN, or var.GAMMA_SHAPE_MIN?
p4_partLogLike()  aTree->root->cl[pNum 0][rate 0][symb 2][seqPos 27]  -5.86967e-75
Try raising var.PIVEC_MIN, var.RATE_MIN, var.BRLEN_MIN, or var.GAMMA_SHAPE_MIN?
p4_partLogLike()  aTree->root->cl[pNum 0][rate 1][symb 2][seqPos 27]  -7.66208e-75
Try raising var.PIVEC_MIN, var.RATE_MIN, var.BRLEN_MIN, or var.GAMMA_SHAPE_MIN?
p4_partLogLike()  aTree->root->cl[pNum 0][rate 2][symb 2][seqPos 27]  -9.11856e-75
Try raising var.PIVEC_MIN, var.RATE_MIN, var.BRLEN_MIN, or var.GAMMA_SHAPE_MIN?
p4_partLogLike()  aTree->root->cl[pNum 0][rate 3][symb 2][seqPos 27]  -1.15845e-74
Try raising var.PIVEC_MIN, var.RATE_MIN, var.BRLEN_MIN, or var.GAMMA_SHAPE_MIN?
p4_partLogLike()  aTree->root->cl[pNum 0][rate 0][symb 2][seqPos 31]  -1.02351e-45
Try raising var.PIVEC_MIN, var.RATE_MIN, var.BRLEN_MIN, or var.GAMMA_SHAPE_MIN?
p4_partLogLike()  aTree->root->cl[pNum 0][rate 1][symb 2][seqPos 31]  -1.0572e-45
Try raising var.PIVEC_MIN, var.RATE_MIN, var.BRLEN_MIN, or var.GAMMA_SHAPE_MIN?
p4_partLogLike()  aTree->root->cl[pNum 0][rate 2][symb 2][seqPos 31]  -1.06071e-45
Try raising var.PIVEC_MIN, var.RATE_MIN, var.BRLEN_MIN, or var.GAMMA_SHAPE_MIN?
p4_partLogLike()  aTree->root->cl[pNum 0][rate 3][symb 2][seqPos 31]  -1.04221e-45
Try raising var.PIVEC_MIN, var.RATE_MIN, var.BRLEN_MIN, or var.GAMMA_SHAPE_MIN?
p4_partLogLike()  aTree->root->cl[pNum 0][rate 0][symb 3][seqPos 35]  -1.53648e-139
Try raising var.PIVEC_MIN, var.RATE_MIN, var.BRLEN_MIN, or var.GAMMA_SHAPE_MIN?
p4_partLogLike()  aTree->root->cl[pNum 0][rate 1][symb 3][seqPos 35]  -2.11492e-140
Try raising var.PIVEC_MIN, var.RATE_MIN, var.BRLEN_MIN, or var.GAMMA_SHAPE_MIN?
p4_partLogLike()  aTree->root->cl[pNum 0][rate 0][symb 3][seqPos 39]  -1.20348e-115
Try raising var.PIVEC_MIN, var.RATE_MIN, var.BRLEN_MIN, or var.GAMMA_SHAPE_MIN?
p4_partLogLike()  aTree->root->cl[pNum 0][rate 1][symb 3][seqPos 39]  -1.32629e-115
Try raising var.PIVEC_MIN, var.RATE_MIN, var.BRLEN_MIN, or var.GAMMA_SHAPE_MIN?
p4_partLogLike()  aTree->root->cl[pNum 0][rate 2][symb 3][seqPos 39]  -1.38625e-115
Try raising var.PIVEC_MIN, var.RATE_MIN, var.BRLEN_MIN, or var.GAMMA_SHAPE_MIN?
p4_partLogLike()  aTree->root->cl[pNum 0][rate 3][symb 3][seqPos 39]  -1.41007e-115
Try raising var.PIVEC_MIN, var.RATE_MIN, var.BRLEN_MIN, or var.GAMMA_SHAPE_MIN?
p4_partLogLike()  aTree->root->cl[pNum 0][rate 0][symb 3][seqPos 46]  -2.21255e-113
Try raising var.PIVEC_MIN, var.RATE_MIN, var.BRLEN_MIN, or var.GAMMA_SHAPE_MIN?
p4_partLogLike()  aTree->root->cl[pNum 0][rate 1][symb 3][seqPos 46]  -4.75157e-114
Try raising var.PIVEC_MIN, var.RATE_MIN, var.BRLEN_MIN, or var.GAMMA_SHAPE_MIN?
p4_partLogLike()  aTree->root->cl[pNum 0][rate 2][symb 3][seqPos 46]  -2.74755e-114
Try raising var.PIVEC_MIN, var.RATE_MIN, var.BRLEN_MIN, or var.GAMMA_SHAPE_MIN?
p4_partLogLike()  aTree->root->cl[pNum 0][rate 3][symb 3][seqPos 46]  -2.57085e-114
Try raising var.PIVEC_MIN, var.RATE_MIN, var.BRLEN_MIN, or var.GAMMA_SHAPE_MIN?
p4_partLogLike()  aTree->root->cl[pNum 0][rate 0][symb 0][seqPos 51]  -3.97167e-98
Try raising var.PIVEC_MIN, var.RATE_MIN, var.BRLEN_MIN, or var.GAMMA_SHAPE_MIN?
p4_partLogLike()  aTree->root->cl[pNum 0][rate 0][symb 1][seqPos 51]  -4.64394e-98
Try raising var.PIVEC_MIN, var.RATE_MIN, var.BRLEN_MIN, or var.GAMMA_SHAPE_MIN?
p4_partLogLike()  aTree->root->cl[pNum 0][rate 0][symb 2][seqPos 51]  -3.97218e-98
Try raising var.PIVEC_MIN, var.RATE_MIN, var.BRLEN_MIN, or var.GAMMA_SHAPE_MIN?
p4_partLogLike()  aTree->root->cl[pNum 0][rate 0][symb 3][seqPos 51]  -5.16984e-77
Try raising var.PIVEC_MIN, var.RATE_MIN, var.BRLEN_MIN, or var.GAMMA_SHAPE_MIN?
p4_partLogLike()  aTree->root->cl[pNum 0][rate 1][symb 0][seqPos 51]  -6.08664e-98
Try raising var.PIVEC_MIN, var.RATE_MIN, var.BRLEN_MIN, or var.GAMMA_SHAPE_MIN?
p4_partLogLike()  aTree->root->cl[pNum 0][rate 1][symb 1][seqPos 51]  -6.67832e-98
Try raising var.PIVEC_MIN, var.RATE_MIN, var.BRLEN_MIN, or var.GAMMA_SHAPE_MIN?
p4_partLogLike()  aTree->root->cl[pNum 0][rate 1][symb 2][seqPos 51]  -4.32901e-98
Try raising var.PIVEC_MIN, var.RATE_MIN, var.BRLEN_MIN, or var.GAMMA_SHAPE_MIN?
p4_partLogLike()  aTree->root->cl[pNum 0][rate 1][symb 3][seqPos 51]  -6.54791e-77
Try raising var.PIVEC_MIN, var.RATE_MIN, var.BRLEN_MIN, or var.GAMMA_SHAPE_MIN?
p4_partLogLike()  aTree->root->cl[pNum 0][rate 2][symb 0][seqPos 51]  -7.96601e-98
Try raising var.PIVEC_MIN, var.RATE_MIN, var.BRLEN_MIN, or var.GAMMA_SHAPE_MIN?
p4_partLogLike()  aTree->root->cl[pNum 0][rate 2][symb 1][seqPos 51]  -8.38318e-98
Try raising var.PIVEC_MIN, var.RATE_MIN, var.BRLEN_MIN, or var.GAMMA_SHAPE_MIN?
p4_partLogLike()  aTree->root->cl[pNum 0][rate 2][symb 2][seqPos 51]  -4.42078e-98
Try raising var.PIVEC_MIN, var.RATE_MIN, var.BRLEN_MIN, or var.GAMMA_SHAPE_MIN?
p4_partLogLike()  aTree->root->cl[pNum 0][rate 2][symb 3][seqPos 51]  -7.54571e-77
Try raising var.PIVEC_MIN, var.RATE_MIN, var.BRLEN_MIN, or var.GAMMA_SHAPE_MIN?
p4_partLogLike()  aTree->root->cl[pNum 0][rate 3][symb 0][seqPos 51]  -1.13354e-97
Try raising var.PIVEC_MIN, var.RATE_MIN, var.BRLEN_MIN, or var.GAMMA_SHAPE_MIN?
p4_partLogLike()  aTree->root->cl[pNum 0][rate 3][symb 1][seqPos 51]  -1.12583e-97
Try raising var.PIVEC_MIN, var.RATE_MIN, var.BRLEN_MIN, or var.GAMMA_SHAPE_MIN?
p4_partLogLike()  aTree->root->cl[pNum 0][rate 3][symb 2][seqPos 51]  -4.26467e-98
Try raising var.PIVEC_MIN, var.RATE_MIN, var.BRLEN_MIN, or var.GAMMA_SHAPE_MIN?
p4_partLogLike()  aTree->root->cl[pNum 0][rate 3][symb 3][seqPos 51]  -8.96521e-77
Try raising var.PIVEC_MIN, var.RATE_MIN, var.BRLEN_MIN, or var.GAMMA_SHAPE_MIN?
p4_partLogLike()  aTree->root->cl[pNum 0][rate 0][symb 2][seqPos 62]  -4.37553e-71
Try raising var.PIVEC_MIN, var.RATE_MIN, var.BRLEN_MIN, or var.GAMMA_SHAPE_MIN?
p4_partLogLike()  aTree->root->cl[pNum 0][rate 1][symb 2][seqPos 62]  -5.23867e-71
Try raising var.PIVEC_MIN, var.RATE_MIN, var.BRLEN_MIN, or var.GAMMA_SHAPE_MIN?
p4_partLogLike()  aTree->root->cl[pNum 0][rate 2][symb 2][seqPos 62]  -5.87086e-71
Try raising var.PIVEC_MIN, var.RATE_MIN, var.BRLEN_MIN, or var.GAMMA_SHAPE_MIN?
p4_partLogLike()  aTree->root->cl[pNum 0][rate 3][symb 2][seqPos 62]  -6.83933e-71
Try raising var.PIVEC_MIN, var.RATE_MIN, var.BRLEN_MIN, or var.GAMMA_SHAPE_MIN?
p4_partLogLike()  aTree->root->cl[pNum 0][rate 0][symb 2][seqPos 66]  -7.15551e-91
Try raising var.PIVEC_MIN, var.RATE_MIN, var.BRLEN_MIN, or var.GAMMA_SHAPE_MIN?
p4_partLogLike()  aTree->root->cl[pNum 0][rate 1][symb 2][seqPos 66]  -2.09357e-91
Try raising var.PIVEC_MIN, var.RATE_MIN, var.BRLEN_MIN, or var.GAMMA_SHAPE_MIN?
p4_partLogLike()  aTree->root->cl[pNum 0][rate 2][symb 2][seqPos 66]  -1.40692e-91
Try raising var.PIVEC_MIN, var.RATE_MIN, var.BRLEN_MIN, or var.GAMMA_SHAPE_MIN?
p4_partLogLike()  aTree->root->cl[pNum 0][rate 3][symb 2][seqPos 66]  -1.54602e-91
Try raising var.PIVEC_MIN, var.RATE_MIN, var.BRLEN_MIN, or var.GAMMA_SHAPE_MIN?
p4_partLogLike()  aTree->root->cl[pNum 0][rate 0][symb 2][seqPos 74]  -1.93222e-89
Try raising var.PIVEC_MIN, var.RATE_MIN, var.BRLEN_MIN, or var.GAMMA_SHAPE_MIN?
p4_partLogLike()  aTree->root->cl[pNum 0][rate 1][symb 2][seqPos 74]  -2.52035e-89
Try raising var.PIVEC_MIN, var.RATE_MIN, var.BRLEN_MIN, or var.GAMMA_SHAPE_MIN?
p4_partLogLike()  aTree->root->cl[pNum 0][rate 2][symb 2][seqPos 74]  -2.98569e-89
Try raising var.PIVEC_MIN, var.RATE_MIN, var.BRLEN_MIN, or var.GAMMA_SHAPE_MIN?
p4_partLogLike()  aTree->root->cl[pNum 0][rate 3][symb 2][seqPos 74]  -3.75099e-89
Try raising var.PIVEC_MIN, var.RATE_MIN, var.BRLEN_MIN, or var.GAMMA_SHAPE_MIN?
p4_partLogLike()  aTree->root->cl[pNum 0][rate 0][symb 3][seqPos 81]  -1.18612e-96
Try raising var.PIVEC_MIN, var.RATE_MIN, var.BRLEN_MIN, or var.GAMMA_SHAPE_MIN?
p4_partLogLike()  aTree->root->cl[pNum 0][rate 1][symb 3][seqPos 81]  -1.04955e-96
Try raising var.PIVEC_MIN, var.RATE_MIN, var.BRLEN_MIN, or var.GAMMA_SHAPE_MIN?
p4_partLogLike()  aTree->root->cl[pNum 0][rate 2][symb 3][seqPos 81]  -9.48765e-97
Try raising var.PIVEC_MIN, var.RATE_MIN, var.BRLEN_MIN, or var.GAMMA_SHAPE_MIN?
p4_partLogLike()  aTree->root->cl[pNum 0][rate 3][symb 3][seqPos 81]  -7.89067e-97
Try raising var.PIVEC_MIN, var.RATE_MIN, var.BRLEN_MIN, or var.GAMMA_SHAPE_MIN?
p4_partLogLike()  aTree->root->cl[pNum 0][rate 0][symb 2][seqPos 82]  -5.90558e-65
Try raising var.PIVEC_MIN, var.RATE_MIN, var.BRLEN_MIN, or var.GAMMA_SHAPE_MIN?
p4_partLogLike()  aTree->root->cl[pNum 0][rate 1][symb 2][seqPos 82]  -8.0363e-65
Try raising var.PIVEC_MIN, var.RATE_MIN, var.BRLEN_MIN, or var.GAMMA_SHAPE_MIN?
p4_partLogLike()  aTree->root->cl[pNum 0][rate 2][symb 2][seqPos 82]  -9.80657e-65
Try raising var.PIVEC_MIN, var.RATE_MIN, var.BRLEN_MIN, or var.GAMMA_SHAPE_MIN?
p4_partLogLike()  aTree->root->cl[pNum 0][rate 3][symb 2][seqPos 82]  -1.28586e-64
Try raising var.PIVEC_MIN, var.RATE_MIN, var.BRLEN_MIN, or var.GAMMA_SHAPE_MIN?
p4_partLogLike()  aTree->root->cl[pNum 0][rate 0][symb 2][seqPos 83]  -2.93433e-90
Try raising var.PIVEC_MIN, var.RATE_MIN, var.BRLEN_MIN, or var.GAMMA_SHAPE_MIN?
p4_partLogLike()  aTree->root->cl[pNum 0][rate 1][symb 2][seqPos 83]  -2.72267e-90
Try raising var.PIVEC_MIN, var.RATE_MIN, var.BRLEN_MIN, or var.GAMMA_SHAPE_MIN?
p4_partLogLike()  aTree->root->cl[pNum 0][rate 2][symb 2][seqPos 83]  -2.14699e-90
Try raising var.PIVEC_MIN, var.RATE_MIN, var.BRLEN_MIN, or var.GAMMA_SHAPE_MIN?
p4_partLogLike()  aTree->root->cl[pNum 0][rate 3][symb 2][seqPos 83]  -2.62747e-91
Try raising var.PIVEC_MIN, var.RATE_MIN, var.BRLEN_MIN, or var.GAMMA_SHAPE_MIN?
p4_partLogLike()  aTree->root->cl[pNum 0][rate 0][symb 2][seqPos 94]  -3.37053e-80
Try raising var.PIVEC_MIN, var.RATE_MIN, var.BRLEN_MIN, or var.GAMMA_SHAPE_MIN?
p4_partLogLike()  aTree->root->cl[pNum 0][rate 1][symb 2][seqPos 94]  -9.61581e-81
Try raising var.PIVEC_MIN, var.RATE_MIN, var.BRLEN_MIN, or var.GAMMA_SHAPE_MIN?
p4_partLogLike()  aTree->root->cl[pNum 0][rate 2][symb 2][seqPos 94]  -6.22315e-81
Try raising var.PIVEC_MIN, var.RATE_MIN, var.BRLEN_MIN, or var.GAMMA_SHAPE_MIN?
p4_partLogLike()  aTree->root->cl[pNum 0][rate 3][symb 2][seqPos 94]  -6.33643e-81
Try raising var.PIVEC_MIN, var.RATE_MIN, var.BRLEN_MIN, or var.GAMMA_SHAPE_MIN?
p4_partLogLike()  aTree->root->cl[pNum 0][rate 0][symb 2][seqPos 107]  -4.22615e-54
Try raising var.PIVEC_MIN, var.RATE_MIN, var.BRLEN_MIN, or var.GAMMA_SHAPE_MIN?
p4_partLogLike()  aTree->root->cl[pNum 0][rate 1][symb 2][seqPos 107]  -4.50022e-54
Try raising var.PIVEC_MIN, var.RATE_MIN, var.BRLEN_MIN, or var.GAMMA_SHAPE_MIN?
p4_partLogLike()  aTree->root->cl[pNum 0][rate 2][symb 2][seqPos 107]  -4.6549e-54
Try raising var.PIVEC_MIN, var.RATE_MIN, var.BRLEN_MIN, or var.GAMMA_SHAPE_MIN?
p4_partLogLike()  aTree->root->cl[pNum 0][rate 3][symb 2][seqPos 107]  -4.81691e-54
Try raising var.PIVEC_MIN, var.RATE_MIN, var.BRLEN_MIN, or var.GAMMA_SHAPE_MIN?
p4_partLogLike()  aTree->root->cl[pNum 0][rate 0][symb 2][seqPos 110]  -1.02993e-58
Try raising var.PIVEC_MIN, var.RATE_MIN, var.BRLEN_MIN, or var.GAMMA_SHAPE_MIN?
p4_partLogLike()  aTree->root->cl[pNum 0][rate 1][symb 2][seqPos 110]  -1.13289e-58
Try raising var.PIVEC_MIN, var.RATE_MIN, var.BRLEN_MIN, or var.GAMMA_SHAPE_MIN?
p4_partLogLike()  aTree->root->cl[pNum 0][rate 2][symb 2][seqPos 110]  -1.19989e-58
Try raising var.PIVEC_MIN, var.RATE_MIN, var.BRLEN_MIN, or var.GAMMA_SHAPE_MIN?
p4_partLogLike()  aTree->root->cl[pNum 0][rate 3][symb 2][seqPos 110]  -1.28859e-58
Try raising var.PIVEC_MIN, var.RATE_MIN, var.BRLEN_MIN, or var.GAMMA_SHAPE_MIN?
p4_partLogLike()  aTree->root->cl[pNum 0][rate 0][symb 2][seqPos 117]  -3.45393e-27
Try raising var.PIVEC_MIN, var.RATE_MIN, var.BRLEN_MIN, or var.GAMMA_SHAPE_MIN?
p4_partLogLike()  aTree->root->cl[pNum 0][rate 1][symb 2][seqPos 117]  -2.53779e-27
Try raising var.PIVEC_MIN, var.RATE_MIN, var.BRLEN_MIN, or var.GAMMA_SHAPE_MIN?
p4_partLogLike()  aTree->root->cl[pNum 0][rate 2][symb 2][seqPos 117]  -2.06463e-27
Try raising var.PIVEC_MIN, var.RATE_MIN, var.BRLEN_MIN, or var.GAMMA_SHAPE_MIN?
p4_partLogLike()  aTree->root->cl[pNum 0][rate 3][symb 2][seqPos 117]  -1.54445e-27
Try raising var.PIVEC_MIN, var.RATE_MIN, var.BRLEN_MIN, or var.GAMMA_SHAPE_MIN?
p4_partLogLike()  aTree->root->cl[pNum 0][rate 0][symb 3][seqPos 121]  -6.01197e-108
Try raising var.PIVEC_MIN, var.RATE_MIN, var.BRLEN_MIN, or var.GAMMA_SHAPE_MIN?
p4_partLogLike()  aTree->root->cl[pNum 0][rate 1][symb 3][seqPos 121]  -7.23878e-109
Try raising var.PIVEC_MIN, var.RATE_MIN, var.BRLEN_MIN, or var.GAMMA_SHAPE_MIN?
p4_partLogLike()  aTree->root->cl[pNum 0][rate 0][symb 2][seqPos 126]  -5.18643e-150
Try raising var.PIVEC_MIN, var.RATE_MIN, var.BRLEN_MIN, or var.GAMMA_SHAPE_MIN?
p4_partLogLike()  aTree->root->cl[pNum 0][rate 1][symb 2][seqPos 126]  -3.47452e-149
Try raising var.PIVEC_MIN, var.RATE_MIN, var.BRLEN_MIN, or var.GAMMA_SHAPE_MIN?
p4_partLogLike()  aTree->root->cl[pNum 0][rate 2][symb 2][seqPos 126]  -6.67235e-149
Try raising var.PIVEC_MIN, var.RATE_MIN, var.BRLEN_MIN, or var.GAMMA_SHAPE_MIN?
p4_partLogLike()  aTree->root->cl[pNum 0][rate 3][symb 2][seqPos 126]  -1.36944e-148
Try raising var.PIVEC_MIN, var.RATE_MIN, var.BRLEN_MIN, or var.GAMMA_SHAPE_MIN?
p4_partLogLike()  aTree->root->cl[pNum 0][rate 0][symb 0][seqPos 128]  -2.64536e-93
Try raising var.PIVEC_MIN, var.RATE_MIN, var.BRLEN_MIN, or var.GAMMA_SHAPE_MIN?
p4_partLogLike()  aTree->root->cl[pNum 0][rate 0][symb 1][seqPos 128]  -1.35076e-93
Try raising var.PIVEC_MIN, var.RATE_MIN, var.BRLEN_MIN, or var.GAMMA_SHAPE_MIN?
p4_partLogLike()  aTree->root->cl[pNum 0][rate 0][symb 3][seqPos 128]  -3.02314e-91
Try raising var.PIVEC_MIN, var.RATE_MIN, var.BRLEN_MIN, or var.GAMMA_SHAPE_MIN?
p4_partLogLike()  aTree->root->cl[pNum 0][rate 1][symb 0][seqPos 128]  -3.184e-93
Try raising var.PIVEC_MIN, var.RATE_MIN, var.BRLEN_MIN, or var.GAMMA_SHAPE_MIN?
p4_partLogLike()  aTree->root->cl[pNum 0][rate 1][symb 1][seqPos 128]  -1.60143e-93
Try raising var.PIVEC_MIN, var.RATE_MIN, var.BRLEN_MIN, or var.GAMMA_SHAPE_MIN?
p4_partLogLike()  aTree->root->cl[pNum 0][rate 1][symb 3][seqPos 128]  -3.73732e-91
Try raising var.PIVEC_MIN, var.RATE_MIN, var.BRLEN_MIN, or var.GAMMA_SHAPE_MIN?
p4_partLogLike()  aTree->root->cl[pNum 0][rate 2][symb 0][seqPos 128]  -3.51408e-93
Try raising var.PIVEC_MIN, var.RATE_MIN, var.BRLEN_MIN, or var.GAMMA_SHAPE_MIN?
p4_partLogLike()  aTree->root->cl[pNum 0][rate 2][symb 1][seqPos 128]  -1.7548e-93
Try raising var.PIVEC_MIN, var.RATE_MIN, var.BRLEN_MIN, or var.GAMMA_SHAPE_MIN?
p4_partLogLike()  aTree->root->cl[pNum 0][rate 2][symb 3][seqPos 128]  -4.25067e-91
Try raising var.PIVEC_MIN, var.RATE_MIN, var.BRLEN_MIN, or var.GAMMA_SHAPE_MIN?
p4_partLogLike()  aTree->root->cl[pNum 0][rate 3][symb 0][seqPos 128]  -3.837e-93
Try raising var.PIVEC_MIN, var.RATE_MIN, var.BRLEN_MIN, or var.GAMMA_SHAPE_MIN?
p4_partLogLike()  aTree->root->cl[pNum 0][rate 3][symb 1][seqPos 128]  -1.90502e-93
Try raising var.PIVEC_MIN, var.RATE_MIN, var.BRLEN_MIN, or var.GAMMA_SHAPE_MIN?
p4_partLogLike()  aTree->root->cl[pNum 0][rate 3][symb 3][seqPos 128]  -4.97377e-91
Try raising var.PIVEC_MIN, var.RATE_MIN, var.BRLEN_MIN, or var.GAMMA_SHAPE_MIN?
p4_partLogLike()  aTree->root->cl[pNum 0][rate 0][symb 2][seqPos 140]  -9.68675e-121
Try raising var.PIVEC_MIN, var.RATE_MIN, var.BRLEN_MIN, or var.GAMMA_SHAPE_MIN?
p4_partLogLike()  aTree->root->cl[pNum 0][rate 1][symb 2][seqPos 140]  -1.78753e-121
Try raising var.PIVEC_MIN, var.RATE_MIN, var.BRLEN_MIN, or var.GAMMA_SHAPE_MIN?
p4_partLogLike()  aTree->root->cl[pNum 0][rate 2][symb 2][seqPos 140]  -9.33638e-122
Try raising var.PIVEC_MIN, var.RATE_MIN, var.BRLEN_MIN, or var.GAMMA_SHAPE_MIN?
p4_partLogLike()  aTree->root->cl[pNum 0][rate 3][symb 2][seqPos 140]  -7.55186e-122
Try raising var.PIVEC_MIN, var.RATE_MIN, var.BRLEN_MIN, or var.GAMMA_SHAPE_MIN?
p4_partLogLike()  aTree->root->cl[pNum 0][rate 0][symb 2][seqPos 156]  -2.08343e-63
Try raising var.PIVEC_MIN, var.RATE_MIN, var.BRLEN_MIN, or var.GAMMA_SHAPE_MIN?
p4_partLogLike()  aTree->root->cl[pNum 0][rate 1][symb 2][seqPos 156]  -2.12763e-63
Try raising var.PIVEC_MIN, var.RATE_MIN, var.BRLEN_MIN, or var.GAMMA_SHAPE_MIN?
p4_partLogLike()  aTree->root->cl[pNum 0][rate 2][symb 2][seqPos 156]  -2.11509e-63
Try raising var.PIVEC_MIN, var.RATE_MIN, var.BRLEN_MIN, or var.GAMMA_SHAPE_MIN?
p4_partLogLike()  aTree->root->cl[pNum 0][rate 3][symb 2][seqPos 156]  -2.0229e-63
Try raising var.PIVEC_MIN, var.RATE_MIN, var.BRLEN_MIN, or var.GAMMA_SHAPE_MIN?
p4_partLogLike()  aTree->root->cl[pNum 0][rate 0][symb 2][seqPos 157]  -7.03736e-189
Try raising var.PIVEC_MIN, var.RATE_MIN, var.BRLEN_MIN, or var.GAMMA_SHAPE_MIN?
p4_partLogLike()  aTree->root->cl[pNum 0][rate 1][symb 2][seqPos 157]  -1.11035e-189
Try raising var.PIVEC_MIN, var.RATE_MIN, var.BRLEN_MIN, or var.GAMMA_SHAPE_MIN?
p4_partLogLike()  aTree->root->cl[pNum 0][rate 2][symb 2][seqPos 157]  -5.23318e-190
Try raising var.PIVEC_MIN, var.RATE_MIN, var.BRLEN_MIN, or var.GAMMA_SHAPE_MIN?
p4_partLogLike()  aTree->root->cl[pNum 0][rate 3][symb 2][seqPos 157]  -3.67673e-190
Try raising var.PIVEC_MIN, var.RATE_MIN, var.BRLEN_MIN, or var.GAMMA_SHAPE_MIN?
p4_partLogLike()  aTree->root->cl[pNum 0][rate 0][symb 2][seqPos 158]  -2.72335e-32
Try raising var.PIVEC_MIN, var.RATE_MIN, var.BRLEN_MIN, or var.GAMMA_SHAPE_MIN?
p4_partLogLike()  aTree->root->cl[pNum 0][rate 1][symb 2][seqPos 158]  -2.86627e-32
Try raising var.PIVEC_MIN, var.RATE_MIN, var.BRLEN_MIN, or var.GAMMA_SHAPE_MIN?
p4_partLogLike()  aTree->root->cl[pNum 0][rate 2][symb 2][seqPos 158]  -2.9288e-32
Try raising var.PIVEC_MIN, var.RATE_MIN, var.BRLEN_MIN, or var.GAMMA_SHAPE_MIN?
p4_partLogLike()  aTree->root->cl[pNum 0][rate 3][symb 2][seqPos 158]  -2.95087e-32
Try raising var.PIVEC_MIN, var.RATE_MIN, var.BRLEN_MIN, or var.GAMMA_SHAPE_MIN?
p4_partLogLike()  aTree->root->cl[pNum 0][rate 0][symb 2][seqPos 174]  -1.7477e-64
Try raising var.PIVEC_MIN, var.RATE_MIN, var.BRLEN_MIN, or var.GAMMA_SHAPE_MIN?
p4_partLogLike()  aTree->root->cl[pNum 0][rate 1][symb 2][seqPos 174]  -2.39439e-64
Try raising var.PIVEC_MIN, var.RATE_MIN, var.BRLEN_MIN, or var.GAMMA_SHAPE_MIN?
p4_partLogLike()  aTree->root->cl[pNum 0][rate 2][symb 2][seqPos 174]  -2.91077e-64
Try raising var.PIVEC_MIN, var.RATE_MIN, var.BRLEN_MIN, or var.GAMMA_SHAPE_MIN?
p4_partLogLike()  aTree->root->cl[pNum 0][rate 3][symb 2][seqPos 174]  -3.72337e-64
Try raising var.PIVEC_MIN, var.RATE_MIN, var.BRLEN_MIN, or var.GAMMA_SHAPE_MIN?
p4_partLogLike()  aTree->root->cl[pNum 0][rate 0][symb 2][seqPos 176]  -2.17767e-78
Try raising var.PIVEC_MIN, var.RATE_MIN, var.BRLEN_MIN, or var.GAMMA_SHAPE_MIN?
p4_partLogLike()  aTree->root->cl[pNum 0][rate 1][symb 2][seqPos 176]  -2.12874e-78
Try raising var.PIVEC_MIN, var.RATE_MIN, var.BRLEN_MIN, or var.GAMMA_SHAPE_MIN?
p4_partLogLike()  aTree->root->cl[pNum 0][rate 2][symb 2][seqPos 176]  -2.0518e-78
Try raising var.PIVEC_MIN, var.RATE_MIN, var.BRLEN_MIN, or var.GAMMA_SHAPE_MIN?
p4_partLogLike()  aTree->root->cl[pNum 0][rate 3][symb 2][seqPos 176]  -1.87343e-78
Try raising var.PIVEC_MIN, var.RATE_MIN, var.BRLEN_MIN, or var.GAMMA_SHAPE_MIN?
p4_partLogLike()  aTree->root->cl[pNum 0][rate 0][symb 2][seqPos 178]  -1.43437e-53
Try raising var.PIVEC_MIN, var.RATE_MIN, var.BRLEN_MIN, or var.GAMMA_SHAPE_MIN?
p4_partLogLike()  aTree->root->cl[pNum 0][rate 1][symb 2][seqPos 178]  -1.90731e-53
Try raising var.PIVEC_MIN, var.RATE_MIN, var.BRLEN_MIN, or var.GAMMA_SHAPE_MIN?
p4_partLogLike()  aTree->root->cl[pNum 0][rate 2][symb 2][seqPos 178]  -2.28772e-53
Try raising var.PIVEC_MIN, var.RATE_MIN, var.BRLEN_MIN, or var.GAMMA_SHAPE_MIN?
p4_partLogLike()  aTree->root->cl[pNum 0][rate 3][symb 2][seqPos 178]  -2.91969e-53
Try raising var.PIVEC_MIN, var.RATE_MIN, var.BRLEN_MIN, or var.GAMMA_SHAPE_MIN?
p4_partLogLike()  aTree->root->cl[pNum 0][rate 0][symb 2][seqPos 179]  -1.38853e-90
Try raising var.PIVEC_MIN, var.RATE_MIN, var.BRLEN_MIN, or var.GAMMA_SHAPE_MIN?
p4_partLogLike()  aTree->root->cl[pNum 0][rate 1][symb 2][seqPos 179]  -1.83532e-90
Try raising var.PIVEC_MIN, var.RATE_MIN, var.BRLEN_MIN, or var.GAMMA_SHAPE_MIN?
p4_partLogLike()  aTree->root->cl[pNum 0][rate 2][symb 2][seqPos 179]  -2.16317e-90
Try raising var.PIVEC_MIN, var.RATE_MIN, var.BRLEN_MIN, or var.GAMMA_SHAPE_MIN?
p4_partLogLike()  aTree->root->cl[pNum 0][rate 3][symb 2][seqPos 179]  -2.64479e-90
Try raising var.PIVEC_MIN, var.RATE_MIN, var.BRLEN_MIN, or var.GAMMA_SHAPE_MIN?
p4_partLogLike()  aTree->root->cl[pNum 0][rate 0][symb 0][seqPos 190]  -2.48265e-63
Try raising var.PIVEC_MIN, var.RATE_MIN, var.BRLEN_MIN, or var.GAMMA_SHAPE_MIN?
p4_partLogLike()  aTree->root->cl[pNum 0][rate 0][symb 1][seqPos 190]  -6.59475e-62
Try raising var.PIVEC_MIN, var.RATE_MIN, var.BRLEN_MIN, or var.GAMMA_SHAPE_MIN?
p4_partLogLike()  aTree->root->cl[pNum 0][rate 0][symb 2][seqPos 190]  -4.29444e-63
Try raising var.PIVEC_MIN, var.RATE_MIN, var.BRLEN_MIN, or var.GAMMA_SHAPE_MIN?
p4_partLogLike()  aTree->root->cl[pNum 0][rate 0][symb 3][seqPos 190]  -1.19135e-92
Try raising var.PIVEC_MIN, var.RATE_MIN, var.BRLEN_MIN, or var.GAMMA_SHAPE_MIN?
p4_partLogLike()  aTree->root->cl[pNum 0][rate 1][symb 0][seqPos 190]  -2.38115e-63
Try raising var.PIVEC_MIN, var.RATE_MIN, var.BRLEN_MIN, or var.GAMMA_SHAPE_MIN?
p4_partLogLike()  aTree->root->cl[pNum 0][rate 1][symb 1][seqPos 190]  -4.72308e-62
Try raising var.PIVEC_MIN, var.RATE_MIN, var.BRLEN_MIN, or var.GAMMA_SHAPE_MIN?
p4_partLogLike()  aTree->root->cl[pNum 0][rate 1][symb 2][seqPos 190]  -3.80935e-63
Try raising var.PIVEC_MIN, var.RATE_MIN, var.BRLEN_MIN, or var.GAMMA_SHAPE_MIN?
p4_partLogLike()  aTree->root->cl[pNum 0][rate 1][symb 3][seqPos 190]  -1.27954e-92
Try raising var.PIVEC_MIN, var.RATE_MIN, var.BRLEN_MIN, or var.GAMMA_SHAPE_MIN?
p4_partLogLike()  aTree->root->cl[pNum 0][rate 2][symb 0][seqPos 190]  -2.25888e-63
Try raising var.PIVEC_MIN, var.RATE_MIN, var.BRLEN_MIN, or var.GAMMA_SHAPE_MIN?
p4_partLogLike()  aTree->root->cl[pNum 0][rate 2][symb 1][seqPos 190]  -3.66475e-62
Try raising var.PIVEC_MIN, var.RATE_MIN, var.BRLEN_MIN, or var.GAMMA_SHAPE_MIN?
p4_partLogLike()  aTree->root->cl[pNum 0][rate 2][symb 2][seqPos 190]  -3.43926e-63
Try raising var.PIVEC_MIN, var.RATE_MIN, var.BRLEN_MIN, or var.GAMMA_SHAPE_MIN?
p4_partLogLike()  aTree->root->cl[pNum 0][rate 2][symb 3][seqPos 190]  -1.3163e-92
Try raising var.PIVEC_MIN, var.RATE_MIN, var.BRLEN_MIN, or var.GAMMA_SHAPE_MIN?
p4_partLogLike()  aTree->root->cl[pNum 0][rate 3][symb 0][seqPos 190]  -1.9927e-63
Try raising var.PIVEC_MIN, var.RATE_MIN, var.BRLEN_MIN, or var.GAMMA_SHAPE_MIN?
p4_partLogLike()  aTree->root->cl[pNum 0][rate 3][symb 1][seqPos 190]  -2.41495e-62
Try raising var.PIVEC_MIN, var.RATE_MIN, var.BRLEN_MIN, or var.GAMMA_SHAPE_MIN?
p4_partLogLike()  aTree->root->cl[pNum 0][rate 3][symb 2][seqPos 190]  -2.84028e-63
Try raising var.PIVEC_MIN, var.RATE_MIN, var.BRLEN_MIN, or var.GAMMA_SHAPE_MIN?
p4_partLogLike()  aTree->root->cl[pNum 0][rate 3][symb 3][seqPos 190]  -1.31631e-92
Try raising var.PIVEC_MIN, var.RATE_MIN, var.BRLEN_MIN, or var.GAMMA_SHAPE_MIN?
p4_partLogLike()  aTree->root->cl[pNum 0][rate 0][symb 2][seqPos 191]  -3.30663e-70
Try raising var.PIVEC_MIN, var.RATE_MIN, var.BRLEN_MIN, or var.GAMMA_SHAPE_MIN?
p4_partLogLike()  aTree->root->cl[pNum 0][rate 0][symb 3][seqPos 191]  -6.26568e-81
Try raising var.PIVEC_MIN, var.RATE_MIN, var.BRLEN_MIN, or var.GAMMA_SHAPE_MIN?
p4_partLogLike()  aTree->root->cl[pNum 0][rate 1][symb 2][seqPos 191]  -3.34796e-70
Try raising var.PIVEC_MIN, var.RATE_MIN, var.BRLEN_MIN, or var.GAMMA_SHAPE_MIN?
p4_partLogLike()  aTree->root->cl[pNum 0][rate 2][symb 2][seqPos 191]  -3.33776e-70
Try raising var.PIVEC_MIN, var.RATE_MIN, var.BRLEN_MIN, or var.GAMMA_SHAPE_MIN?
p4_partLogLike()  aTree->root->cl[pNum 0][rate 3][symb 2][seqPos 191]  -3.25408e-70
Try raising var.PIVEC_MIN, var.RATE_MIN, var.BRLEN_MIN, or var.GAMMA_SHAPE_MIN?
p4_partLogLike()  aTree->root->cl[pNum 0][rate 0][symb 2][seqPos 200]  -1.1778e-43
Try raising var.PIVEC_MIN, var.RATE_MIN, var.BRLEN_MIN, or var.GAMMA_SHAPE_MIN?
p4_partLogLike()  aTree->root->cl[pNum 0][rate 1][symb 2][seqPos 200]  -1.4303e-43
Try raising var.PIVEC_MIN, var.RATE_MIN, var.BRLEN_MIN, or var.GAMMA_SHAPE_MIN?
p4_partLogLike()  aTree->root->cl[pNum 0][rate 2][symb 2][seqPos 200]  -1.62538e-43
Try raising var.PIVEC_MIN, var.RATE_MIN, var.BRLEN_MIN, or var.GAMMA_SHAPE_MIN?
p4_partLogLike()  aTree->root->cl[pNum 0][rate 3][symb 2][seqPos 200]  -1.94331e-43
Try raising var.PIVEC_MIN, var.RATE_MIN, var.BRLEN_MIN, or var.GAMMA_SHAPE_MIN?
p4_partLogLike()  aTree->root->cl[pNum 0][rate 0][symb 2][seqPos 210]  -3.41411e-106
Try raising var.PIVEC_MIN, var.RATE_MIN, var.BRLEN_MIN, or var.GAMMA_SHAPE_MIN?
p4_partLogLike()  aTree->root->cl[pNum 0][rate 1][symb 2][seqPos 210]  -7.38347e-107
Try raising var.PIVEC_MIN, var.RATE_MIN, var.BRLEN_MIN, or var.GAMMA_SHAPE_MIN?
p4_partLogLike()  aTree->root->cl[pNum 0][rate 2][symb 2][seqPos 210]  -4.29483e-107
Try raising var.PIVEC_MIN, var.RATE_MIN, var.BRLEN_MIN, or var.GAMMA_SHAPE_MIN?
p4_partLogLike()  aTree->root->cl[pNum 0][rate 3][symb 2][seqPos 210]  -4.06149e-107
Try raising var.PIVEC_MIN, var.RATE_MIN, var.BRLEN_MIN, or var.GAMMA_SHAPE_MIN?
p4_partLogLike()  aTree->root->cl[pNum 0][rate 0][symb 3][seqPos 215]  -2.21196e-110
Try raising var.PIVEC_MIN, var.RATE_MIN, var.BRLEN_MIN, or var.GAMMA_SHAPE_MIN?
p4_partLogLike()  aTree->root->cl[pNum 0][rate 1][symb 3][seqPos 215]  -3.40967e-110
Try raising var.PIVEC_MIN, var.RATE_MIN, var.BRLEN_MIN, or var.GAMMA_SHAPE_MIN?
p4_partLogLike()  aTree->root->cl[pNum 0][rate 2][symb 3][seqPos 215]  -4.5461e-110
Try raising var.PIVEC_MIN, var.RATE_MIN, var.BRLEN_MIN, or var.GAMMA_SHAPE_MIN?
p4_partLogLike()  aTree->root->cl[pNum 0][rate 3][symb 3][seqPos 215]  -6.82159e-110
Try raising var.PIVEC_MIN, var.RATE_MIN, var.BRLEN_MIN, or var.GAMMA_SHAPE_MIN?
p4_partLogLike()  aTree->root->cl[pNum 0][rate 0][symb 2][seqPos 216]  -8.04032e-138
Try raising var.PIVEC_MIN, var.RATE_MIN, var.BRLEN_MIN, or var.GAMMA_SHAPE_MIN?
p4_partLogLike()  aTree->root->cl[pNum 0][rate 1][symb 2][seqPos 216]  -2.23599e-138
Try raising var.PIVEC_MIN, var.RATE_MIN, var.BRLEN_MIN, or var.GAMMA_SHAPE_MIN?
p4_partLogLike()  aTree->root->cl[pNum 0][rate 2][symb 2][seqPos 216]  -1.51938e-138
Try raising var.PIVEC_MIN, var.RATE_MIN, var.BRLEN_MIN, or var.GAMMA_SHAPE_MIN?
p4_partLogLike()  aTree->root->cl[pNum 0][rate 3][symb 2][seqPos 216]  -1.76445e-138
Try raising var.PIVEC_MIN, var.RATE_MIN, var.BRLEN_MIN, or var.GAMMA_SHAPE_MIN?
p4_partLogLike()  aTree->root->cl[pNum 0][rate 0][symb 2][seqPos 218]  -2.78549e-38
Try raising var.PIVEC_MIN, var.RATE_MIN, var.BRLEN_MIN, or var.GAMMA_SHAPE_MIN?
p4_partLogLike()  aTree->root->cl[pNum 0][rate 1][symb 2][seqPos 218]  -2.44431e-38
Try raising var.PIVEC_MIN, var.RATE_MIN, var.BRLEN_MIN, or var.GAMMA_SHAPE_MIN?
p4_partLogLike()  aTree->root->cl[pNum 0][rate 2][symb 2][seqPos 218]  -2.23904e-38
Try raising var.PIVEC_MIN, var.RATE_MIN, var.BRLEN_MIN, or var.GAMMA_SHAPE_MIN?
p4_partLogLike()  aTree->root->cl[pNum 0][rate 3][symb 2][seqPos 218]  -1.97702e-38
Try raising var.PIVEC_MIN, var.RATE_MIN, var.BRLEN_MIN, or var.GAMMA_SHAPE_MIN?
p4_partLogLike()  aTree->root->cl[pNum 0][rate 0][symb 2][seqPos 231]  -4.14749e-73
Try raising var.PIVEC_MIN, var.RATE_MIN, var.BRLEN_MIN, or var.GAMMA_SHAPE_MIN?
p4_partLogLike()  aTree->root->cl[pNum 0][rate 1][symb 2][seqPos 231]  -3.86208e-73
Try raising var.PIVEC_MIN, var.RATE_MIN, var.BRLEN_MIN, or var.GAMMA_SHAPE_MIN?
p4_partLogLike()  aTree->root->cl[pNum 0][rate 2][symb 2][seqPos 231]  -3.65696e-73
Try raising var.PIVEC_MIN, var.RATE_MIN, var.BRLEN_MIN, or var.GAMMA_SHAPE_MIN?
p4_partLogLike()  aTree->root->cl[pNum 0][rate 3][symb 2][seqPos 231]  -3.34842e-73
Try raising var.PIVEC_MIN, var.RATE_MIN, var.BRLEN_MIN, or var.GAMMA_SHAPE_MIN?
p4_partLogLike()  aTree->root->cl[pNum 0][rate 0][symb 2][seqPos 242]  -2.81238e-37
Try raising var.PIVEC_MIN, var.RATE_MIN, var.BRLEN_MIN, or var.GAMMA_SHAPE_MIN?
p4_partLogLike()  aTree->root->cl[pNum 0][rate 1][symb 2][seqPos 242]  -2.88065e-37
Try raising var.PIVEC_MIN, var.RATE_MIN, var.BRLEN_MIN, or var.GAMMA_SHAPE_MIN?
p4_partLogLike()  aTree->root->cl[pNum 0][rate 2][symb 2][seqPos 242]  -2.89293e-37
Try raising var.PIVEC_MIN, var.RATE_MIN, var.BRLEN_MIN, or var.GAMMA_SHAPE_MIN?
p4_partLogLike()  aTree->root->cl[pNum 0][rate 3][symb 2][seqPos 242]  -2.84718e-37
Try raising var.PIVEC_MIN, var.RATE_MIN, var.BRLEN_MIN, or var.GAMMA_SHAPE_MIN?
p4_partLogLike()  aTree->root->cl[pNum 0][rate 0][symb 2][seqPos 248]  -1.83426e-44
Try raising var.PIVEC_MIN, var.RATE_MIN, var.BRLEN_MIN, or var.GAMMA_SHAPE_MIN?
p4_partLogLike()  aTree->root->cl[pNum 0][rate 1][symb 2][seqPos 248]  -1.80187e-44
Try raising var.PIVEC_MIN, var.RATE_MIN, var.BRLEN_MIN, or var.GAMMA_SHAPE_MIN?
p4_partLogLike()  aTree->root->cl[pNum 0][rate 2][symb 2][seqPos 248]  -1.74812e-44
Try raising var.PIVEC_MIN, var.RATE_MIN, var.BRLEN_MIN, or var.GAMMA_SHAPE_MIN?
p4_partLogLike()  aTree->root->cl[pNum 0][rate 3][symb 2][seqPos 248]  -1.62041e-44
Try raising var.PIVEC_MIN, var.RATE_MIN, var.BRLEN_MIN, or var.GAMMA_SHAPE_MIN?
p4_partLogLike()  aTree->root->cl[pNum 0][rate 0][symb 2][seqPos 249]  -5.24767e-90
Try raising var.PIVEC_MIN, var.RATE_MIN, var.BRLEN_MIN, or var.GAMMA_SHAPE_MIN?
p4_partLogLike()  aTree->root->cl[pNum 0][rate 1][symb 2][seqPos 249]  -6.54191e-90
Try raising var.PIVEC_MIN, var.RATE_MIN, var.BRLEN_MIN, or var.GAMMA_SHAPE_MIN?
p4_partLogLike()  aTree->root->cl[pNum 0][rate 2][symb 2][seqPos 249]  -7.38278e-90
Try raising var.PIVEC_MIN, var.RATE_MIN, var.BRLEN_MIN, or var.GAMMA_SHAPE_MIN?
p4_partLogLike()  aTree->root->cl[pNum 0][rate 3][symb 2][seqPos 249]  -8.36392e-90
Try raising var.PIVEC_MIN, var.RATE_MIN, var.BRLEN_MIN, or var.GAMMA_SHAPE_MIN?
p4_partLogLike()  aTree->root->cl[pNum 0][rate 0][symb 2][seqPos 251]  -1.99841e-67
Try raising var.PIVEC_MIN, var.RATE_MIN, var.BRLEN_MIN, or var.GAMMA_SHAPE_MIN?
p4_partLogLike()  aTree->root->cl[pNum 0][rate 1][symb 2][seqPos 251]  -2.67488e-67
Try raising var.PIVEC_MIN, var.RATE_MIN, var.BRLEN_MIN, or var.GAMMA_SHAPE_MIN?
p4_partLogLike()  aTree->root->cl[pNum 0][rate 2][symb 2][seqPos 251]  -3.2442e-67
Try raising var.PIVEC_MIN, var.RATE_MIN, var.BRLEN_MIN, or var.GAMMA_SHAPE_MIN?
p4_partLogLike()  aTree->root->cl[pNum 0][rate 3][symb 2][seqPos 251]  -4.25278e-67
Try raising var.PIVEC_MIN, var.RATE_MIN, var.BRLEN_MIN, or var.GAMMA_SHAPE_MIN?
p4_partLogLike()  aTree->root->cl[pNum 0][rate 0][symb 2][seqPos 264]  -1.20348e-31
Try raising var.PIVEC_MIN, var.RATE_MIN, var.BRLEN_MIN, or var.GAMMA_SHAPE_MIN?
p4_partLogLike()  aTree->root->cl[pNum 0][rate 1][symb 2][seqPos 264]  -9.7649e-32
Try raising var.PIVEC_MIN, var.RATE_MIN, var.BRLEN_MIN, or var.GAMMA_SHAPE_MIN?
p4_partLogLike()  aTree->root->cl[pNum 0][rate 2][symb 2][seqPos 264]  -8.30716e-32
Try raising var.PIVEC_MIN, var.RATE_MIN, var.BRLEN_MIN, or var.GAMMA_SHAPE_MIN?
p4_partLogLike()  aTree->root->cl[pNum 0][rate 3][symb 2][seqPos 264]  -6.35007e-32
Try raising var.PIVEC_MIN, var.RATE_MIN, var.BRLEN_MIN, or var.GAMMA_SHAPE_MIN?
p4_partLogLike()  aTree->root->cl[pNum 0][rate 0][symb 3][seqPos 271]  -2.24731e-62
Try raising var.PIVEC_MIN, var.RATE_MIN, var.BRLEN_MIN, or var.GAMMA_SHAPE_MIN?
p4_partLogLike()  aTree->root->cl[pNum 0][rate 1][symb 3][seqPos 271]  -1.72051e-63
Try raising var.PIVEC_MIN, var.RATE_MIN, var.BRLEN_MIN, or var.GAMMA_SHAPE_MIN?
p4_partLogLike()  aTree->root->cl[pNum 0][rate 0][symb 2][seqPos 272]  -3.91109e-65
Try raising var.PIVEC_MIN, var.RATE_MIN, var.BRLEN_MIN, or var.GAMMA_SHAPE_MIN?
p4_partLogLike()  aTree->root->cl[pNum 0][rate 1][symb 2][seqPos 272]  -5.55028e-65
Try raising var.PIVEC_MIN, var.RATE_MIN, var.BRLEN_MIN, or var.GAMMA_SHAPE_MIN?
p4_partLogLike()  aTree->root->cl[pNum 0][rate 2][symb 2][seqPos 272]  -6.85348e-65
Try raising var.PIVEC_MIN, var.RATE_MIN, var.BRLEN_MIN, or var.GAMMA_SHAPE_MIN?
p4_partLogLike()  aTree->root->cl[pNum 0][rate 3][symb 2][seqPos 272]  -8.9351e-65
Try raising var.PIVEC_MIN, var.RATE_MIN, var.BRLEN_MIN, or var.GAMMA_SHAPE_MIN?
p4_partLogLike()  aTree->root->cl[pNum 0][rate 0][symb 3][seqPos 282]  -8.43555e-206
Try raising var.PIVEC_MIN, var.RATE_MIN, var.BRLEN_MIN, or var.GAMMA_SHAPE_MIN?
p4_partLogLike()  aTree->root->cl[pNum 0][rate 1][symb 3][seqPos 282]  -1.53343e-207
Try raising var.PIVEC_MIN, var.RATE_MIN, var.BRLEN_MIN, or var.GAMMA_SHAPE_MIN?
p4_partLogLike()  aTree->root->cl[pNum 0][rate 0][symb 2][seqPos 290]  -2.95931e-77
Try raising var.PIVEC_MIN, var.RATE_MIN, var.BRLEN_MIN, or var.GAMMA_SHAPE_MIN?
p4_partLogLike()  aTree->root->cl[pNum 0][rate 1][symb 2][seqPos 290]  -3.72203e-77
Try raising var.PIVEC_MIN, var.RATE_MIN, var.BRLEN_MIN, or var.GAMMA_SHAPE_MIN?
p4_partLogLike()  aTree->root->cl[pNum 0][rate 2][symb 2][seqPos 290]  -4.28914e-77
Try raising var.PIVEC_MIN, var.RATE_MIN, var.BRLEN_MIN, or var.GAMMA_SHAPE_MIN?
p4_partLogLike()  aTree->root->cl[pNum 0][rate 3][symb 2][seqPos 290]  -5.13462e-77
Try raising var.PIVEC_MIN, var.RATE_MIN, var.BRLEN_MIN, or var.GAMMA_SHAPE_MIN?
p4_partLogLike()  aTree->root->cl[pNum 0][rate 0][symb 2][seqPos 292]  -5.02474e-88
Try raising var.PIVEC_MIN, var.RATE_MIN, var.BRLEN_MIN, or var.GAMMA_SHAPE_MIN?
p4_partLogLike()  aTree->root->cl[pNum 0][rate 1][symb 2][seqPos 292]  -6.67794e-87
Try raising var.PIVEC_MIN, var.RATE_MIN, var.BRLEN_MIN, or var.GAMMA_SHAPE_MIN?
p4_partLogLike()  aTree->root->cl[pNum 0][rate 2][symb 2][seqPos 292]  -1.37183e-86
Try raising var.PIVEC_MIN, var.RATE_MIN, var.BRLEN_MIN, or var.GAMMA_SHAPE_MIN?
p4_partLogLike()  aTree->root->cl[pNum 0][rate 3][symb 2][seqPos 292]  -2.97071e-86
Try raising var.PIVEC_MIN, var.RATE_MIN, var.BRLEN_MIN, or var.GAMMA_SHAPE_MIN?
p4_partLogLike()  aTree->root->cl[pNum 0][rate 0][symb 2][seqPos 294]  -1.30325e-98
Try raising var.PIVEC_MIN, var.RATE_MIN, var.BRLEN_MIN, or var.GAMMA_SHAPE_MIN?
p4_partLogLike()  aTree->root->cl[pNum 0][rate 1][symb 2][seqPos 294]  -1.8325e-98
Try raising var.PIVEC_MIN, var.RATE_MIN, var.BRLEN_MIN, or var.GAMMA_SHAPE_MIN?
p4_partLogLike()  aTree->root->cl[pNum 0][rate 2][symb 2][seqPos 294]  -2.2835e-98
Try raising var.PIVEC_MIN, var.RATE_MIN, var.BRLEN_MIN, or var.GAMMA_SHAPE_MIN?
p4_partLogLike()  aTree->root->cl[pNum 0][rate 3][symb 2][seqPos 294]  -3.08399e-98
Try raising var.PIVEC_MIN, var.RATE_MIN, var.BRLEN_MIN, or var.GAMMA_SHAPE_MIN?
p4_partLogLike()  aTree->root->cl[Requested component 2 paths:
  t1,t9|t12
Requested component 2 clades:
  none

Resolved path specification: t1,t9|t12
  Left:  LCA(t1,t9) = node_13
  Right: LCA(t12) = t12
  Selected 2 branches:
    1. node_13 -> node_14; descendants=t1,t12
    2. node_14 -> t12; descendants=t12

Total unique branches assigned to component 2: 2
Assigning component 2 to node_13 -> node_14; descendants=t1,t12; selected_by=path 't1,t9|t12'
Assigning component 2 to node_14 -> t12; descendants=t12; selected_by=path 't1,t9|t12'

Composition settings before modelSanityCheck():
  comp 1: free=1, values=[0.25, 0.25, 0.25, 0.25]
  comp 2: free=1, values=[0.4, 0.1, 0.1, 0.4]

Composition settings after modelSanityCheck():
  comp 1: free=1, values=[0.25, 0.25, 0.25, 0.25]
  comp 2: free=1, values=[0.4, 0.1, 0.1, 0.4]

Number of free model parameters reported by p4: 12
Composition frequencies are free and will be optimized.

Tree with model assignments:
        +===========2:t7
        |
+=======1           +=========4:t19
|       +===========3
|                   +======5:t11
|
|         +===========7:t2
|         |
|=========6          +=======9:t13
|         +==========8
|                    +======10:t18
|
0                                      +=========15:t1
|                             +@@@@@@@@14
|                 +===========13       +@@@@@@@@@@16:t12
|                 |           |
|        +========12          +===========17:t9
|        |        |
|        |        +===================18:t5
|        |
|        |                       +=============22:t17
|        |                       |
+========11              +=======21       +=============24:t14
         |               |       +========23
         |      +========20               +==============25:t10
         |      |        |
         |      |        +==================26:t6
         |      |
         +======19               +=================29:t20
                |                |
                |        +=======28           +=====31:t16
                |        |       +============30
                +========27                   +=====32:t8
                         |
                         |       +=============34:t15
                         |       |
                         +=======33            +=====36:t3
                                 +=============35
                                               +=====37:t4
The tree above shows part 0 comps
    0   =
    1   @
    root (node 0) has comp 0, symbol =
The rate matrix is homogeneous in part 0


Optimizing likelihood with BOBYQA ...
optLogLike = -5802.649234
cpu time 0.002302408218383789 seconds.

Refining likelihood with newtAndBrentPowell ...
optLogLike = -5488.809854
cpu time 10.285674333572388 seconds.

Optimized log likelihood: -5488.8098540262

Starting and optimized composition vectors:

  Component 1
    free:      1
    starting:  [0.25, 0.25, 0.25, 0.25]
    optimized: [0.32056144106914636, 0.2852893409328648, 0.17217507527404474, 0.22197414272394408]
    maximum absolute change: 0.077824924726

  Component 2
    free:      1
    starting:  [0.4, 0.1, 0.1, 0.4]
    optimized: [0.3381578506338332, 0.3099950678243285, 0.12966625245820934, 0.22218082908362888]
    maximum absolute change: 0.209995067824

Substitution model:
  requested model: GTR
  base model:      GTR
  rate matrix:     0
  rate spec:       optimized
  rate free:       1
  rate values:     [0.16438163919543716, 0.15860002385602823, 0.19792017397690967, 0.15646901195037327, 0.16544652487736602, 0.15718262614388578]
  IQ-TREE rate constraint: 012345
  p4 rate handling:        gamma
  invariant proportion: 0; free=0
  NDCH frequencies: independently optimized
  gamma categories: 4
  gamma alpha:      300; free=1
  gamma frequencies: [0.25, 0.25, 0.25, 0.25]
  gamma rates:       [0.927595926908353, 0.9803149495059337, 1.0177802521194041, 1.0743088714663092]

Composition components and resulting Q matrices:
Q row/column order: A C G T

Component 1: free=1
Frequencies: [0.32056144106914636, 0.2852893409328648, 0.17217507527404474, 0.22197414272394408]
Resulting Q:
             A            C            G            T
A   -0.95209628   0.37795123   0.22007486   0.35407019
C    0.42467970  -0.93777385   0.21711785   0.29597631
G    0.40974290   0.35975828  -1.05069375   0.28119257
T    0.51132645   0.38039965   0.21810807  -1.10983416

Component 2: free=1
Frequencies: [0.3381578506338332, 0.3099950678243285, 0.12966625245820934, 0.22218082908362888]
Resulting Q:
             A            C            G            T
A   -0.94253792   0.41585084   0.16782618   0.35886090
C    0.45363053  -0.91918272   0.16557120   0.29998099
G    0.43767548   0.39583357  -1.11850627   0.28499722
T    0.54618408   0.41854478   0.16632633  -1.13105518

Branch composition assignments:
node_0 -> node_1 : comp 1, length=0.07686950556, descendants=t11,t19,t7, selected_by=background
node_1 -> t7 : comp 1, length=0.2081692039, descendants=t7, selected_by=background
node_1 -> node_3 : comp 1, length=0.2499675548, descendants=t11,t19, selected_by=background
node_3 -> t19 : comp 1, length=0.1347488261, descendants=t19, selected_by=background
node_3 -> t11 : comp 1, length=0.04612443939, descendants=t11, selected_by=background
node_0 -> node_6 : comp 1, length=0.1170981767, descendants=t13,t18,t2, selected_by=background
node_6 -> t2 : comp 1, length=0.2341284655, descendants=t2, selected_by=background
node_6 -> node_8 : comp 1, length=0.2084183471, descendants=t13,t18, selected_by=background
node_8 -> t13 : comp 1, length=0.05693149903, descendants=t13, selected_by=background
node_8 -> t18 : comp 1, length=0.03817501696, descendants=t18, selected_by=background
node_0 -> node_11 : comp 1, length=0.1377518144, descendants=t1,t10,t12,t14,t15,t16,t17,t20,t3,t4,t5,t6,t8,t9, selected_by=background
node_11 -> node_12 : comp 1, length=0.07984657928, descendants=t1,t12,t5,t9, selected_by=background
node_12 -> node_13 : comp 1, length=0.3118265204, descendants=t1,t12,t9, selected_by=background
node_13 -> node_14 : comp 2, length=0.1102268828, descendants=t1,t12, selected_by=path 't1,t9|t12'
node_14 -> t1 : comp 1, length=0.1276762411, descendants=t1, selected_by=background
node_14 -> t12 : comp 2, length=0.1609653399, descendants=t12, selected_by=path 't1,t9|t12'
node_13 -> t9 : comp 1, length=0.2475619768, descendants=t9, selected_by=background
node_12 -> t5 : comp 1, length=0.6125004083, descendants=t5, selected_by=background
node_11 -> node_19 : comp 1, length=0.004318714567, descendants=t10,t14,t15,t16,t17,t20,t3,t4,t6,t8, selected_by=background
node_19 -> node_20 : comp 1, length=0.1688483234, descendants=t10,t14,t17,t6, selected_by=background
node_20 -> node_21 : comp 1, length=0.0880012496, descendants=t10,t14,t17, selected_by=background
node_21 -> t17 : comp 1, length=0.3138418612, descendants=t17, selected_by=background
node_21 -> node_23 : comp 1, length=0.06311157372, descendants=t10,t14, selected_by=background
node_23 -> t14 : comp 1, length=0.3026648016, descendants=t14, selected_by=background
node_23 -> t10 : comp 1, length=0.3562055591, descendants=t10, selected_by=background
node_20 -> t6 : comp 1, length=0.5275988818, descendants=t6, selected_by=background
node_19 -> node_27 : comp 1, length=0.07699099281, descendants=t15,t16,t20,t3,t4,t8, selected_by=background
node_27 -> node_28 : comp 1, length=0.06256395683, descendants=t16,t20,t8, selected_by=background
node_28 -> t20 : comp 1, length=0.4114585858, descendants=t20, selected_by=background
node_28 -> node_30 : comp 1, length=0.2738457532, descendants=t16,t8, selected_by=background
node_30 -> t16 : comp 1, length=1e-08, descendants=t16, selected_by=background
node_30 -> t8 : comp 1, length=0.01000592617, descendants=t8, selected_by=background
node_27 -> node_33 : comp 1, length=0.1071984883, descendants=t15,t3,t4, selected_by=background
node_33 -> t15 : comp 1, length=0.284862229, descendants=t15, selected_by=background
node_33 -> node_35 : comp 1, length=0.2689558765, descendants=t3,t4, selected_by=background
node_35 -> t3 : comp 1, length=0.0004758739598, descendants=t3, selected_by=background
node_35 -> t4 : comp 1, length=0.01635297032, descendants=t4, selected_by=background

Final optimized composition vectors:
  Component 1: free=1, ACGT=[0.32056144106914636, 0.2852893409328648, 0.17217507527404474, 0.22197414272394408]
  Component 2: free=1, ACGT=[0.3381578506338332, 0.3099950678243285, 0.12966625245820934, 0.22218082908362888]

Analysis results written to:
  Maximum-likelihood tree: /mnt/hd1/home/sishuo/lab-tools/phyloHessian/p4-analysis/p4/p4.treefile
  Component-labeled tree: /mnt/hd1/home/sishuo/lab-tools/phyloHessian/p4-analysis/p4/p4.comp.treefile
  JSON results:            /mnt/hd1/home/sishuo/lab-tools/phyloHessian/p4-analysis/p4/p4.result.json
  NDCH report:             /mnt/hd1/home/sishuo/lab-tools/phyloHessian/p4-analysis/p4/p4.ndch
pNum 0][rate 0][symb 2][seqPos 295]  -2.04994e-105
Try raising var.PIVEC_MIN, var.RATE_MIN, var.BRLEN_MIN, or var.GAMMA_SHAPE_MIN?
p4_partLogLike()  aTree->root->cl[pNum 0][rate 0][symb 3][seqPos 295]  -6.2617e-106
Try raising var.PIVEC_MIN, var.RATE_MIN, var.BRLEN_MIN, or var.GAMMA_SHAPE_MIN?
p4_partLogLike()  aTree->root->cl[pNum 0][rate 1][symb 2][seqPos 295]  -2.23476e-105
Try raising var.PIVEC_MIN, var.RATE_MIN, var.BRLEN_MIN, or var.GAMMA_SHAPE_MIN?
p4_partLogLike()  aTree->root->cl[pNum 0][rate 1][symb 3][seqPos 295]  -7.31979e-107
Try raising var.PIVEC_MIN, var.RATE_MIN, var.BRLEN_MIN, or var.GAMMA_SHAPE_MIN?
p4_partLogLike()  aTree->root->cl[pNum 0][rate 2][symb 2][seqPos 295]  -2.29592e-105
Try raising var.PIVEC_MIN, var.RATE_MIN, var.BRLEN_MIN, or var.GAMMA_SHAPE_MIN?
p4_partLogLike()  aTree->root->cl[pNum 0][rate 3][symb 2][seqPos 295]  -2.23951e-105
Try raising var.PIVEC_MIN, var.RATE_MIN, var.BRLEN_MIN, or var.GAMMA_SHAPE_MIN?

Deactivated Conda environment; continuing with base
Executing: Rscript /mnt/hd1/home/sishuo/lab-tools/phyloHessian/parse_tree_seq.R -s example-dna/sim/alignment/combined.fas -t p4-analysis/p4/p4.treefile --cpu 4 --julia_outdir p4-analysis/julia --force --type DNA
Alignment length: 300 
No. of site patterns: 300 
Executing: bash /mnt/hd1/home/sishuo/lab-tools/phyloHessian/additional_scripts/generate_branch_out_mat.sh -t p4-analysis/p4/p4.treefile --ref_tree example-dna/ref.tre --outdir p4-analysis/bl --force
Rscript /mnt/hd1/home/sishuo/lab-tools/phyloHessian/additional_scripts/align_bl.R p4-analysis/p4/p4.treefile p4-analysis/bl/branch_out > p4-analysis/bl/branch_out.matrix
Executing: julia -t 4 /mnt/hd1/home/sishuo/lab-tools/phyloHessian/julia_bl.jl --basics_indir p4-analysis/julia --st DNA --tree p4-analysis/p4/p4.treefile -b p4-analysis/bl/branch_out.matrix -m GTR+G --mfm nothing --outdir p4-analysis/inBV --force  --iqtree /iqtree.iqtree --hessian_type STK2004 --fd_scheme central --cache_mode diag 2>p4-analysis/error
ERROR: Command failed with status 1: julia -t 4 /mnt/hd1/home/sishuo/lab-tools/phyloHessian/julia_bl.jl --basics_indir p4-analysis/julia --st DNA --tree p4-analysis/p4/p4.treefile -b p4-analysis/bl/branch_out.matrix -m GTR+G --mfm nothing --outdir p4-analysis/inBV --force  --iqtree /iqtree.iqtree --hessian_type STK2004 --fd_scheme central --cache_mode diag 2>p4-analysis/error
ERROR: 
2026-08-22T12:08:44.342
ERROR: LoadError: SystemError: opening file "/iqtree.iqtree": No such file or directory
Stacktrace:
  [1] systemerror(p::String, errno::Int32; extrainfo::Nothing)
    @ Base ./error.jl:176
  [2] systemerror
    @ ./error.jl:175 [inlined]
  [3] open(fname::String; lock::Bool, read::Bool, write::Nothing, create::Nothing, truncate::Nothing, append::Nothing)
    @ Base ./iostream.jl:293
  [4] open
    @ ./iostream.jl:275 [inlined]
  [5] open(fname::String, mode::String; lock::Bool)
    @ Base ./iostream.jl:356
  [6] open
    @ ./iostream.jl:355 [inlined]
  [7] get_params_from_iqtree(infile::String)
    @ Main ~/lab-tools/phyloHessian/lib-julia/util.jl:278
  [8] get_iqtree_params(iqtree_file::String, phyml_file::Nothing, p4_file::Nothing)
    @ Main ~/lab-tools/phyloHessian/lib-julia/util.jl:9
  [9] get_args_refactored()
    @ Main ~/lab-tools/phyloHessian/julia_bl.jl:1412
 [10] top-level scope
    @ ~/lab-tools/phyloHessian/julia_bl.jl:1509
in expression starting at /mnt/hd1/home/sishuo/lab-tools/phyloHessian/julia_bl.jl:1508
ERROR: Fatal error: Command execution failed
ERROR: phyloHessianWrapper.rb:99:in `execute_command'
phyloHessianWrapper.rb:600:in `<main>'
